Ошибка прогнозирования,Время
0,0:0:0
0,0:0:18
0,0:0:36
0,0:0:55
0,0:1:13
0,0:1:31
0,0:1:49
0,0:2:8
0,0:2:26
0,0:2:44
0,0:3:2
0,0:3:20
0,0:3:38
0,0:3:56
0,0:4:14
0,0:4:32
0,0:4:50
0,0:5:8
0,0:5:26
0,0:5:44
0,0:6:3
0,0:6:21
0,0:6:39
0,0:6:57
0,0:7:15
0,0:7:33
0,0:7:51
0,0:8:9
0,0:8:28
0,0:8:46
0,0:9:4
0,0:9:22
0,0:9:40
0,0:9:58
0,0:10:16
0,0:10:34
0,0:10:52
0,0:11:11
0,0:11:29
0,0:11:47
0,0:12:5
0,0:12:23
0,0:12:41
0,0:12:59
0,0:13:17
0,0:13:36
0,0:13:54
0,0:14:12
0,0:14:30
0,0:14:48
0,0:15:7
0,0:15:25
0,0:15:44
0,0:16:3
0,0:16:22
0,0:16:41
0,0:17:0
0,0:17:19
0,0:17:39
0,0:17:58
0,0:18:18
0,0:18:37
0,0:18:57
0,0:19:16
0,0:19:35
0,0:19:55
0,0:20:14
0,0:20:33
0,0:20:52
0,0:21:11
0,0:21:30
0,0:21:48
0,0:22:7
0,0:22:26
0,0:22:45
0,0:23:3
0,0:23:22
0,0:23:40
0,0:23:59
0,0:24:17
0,0:24:36
0,0:24:55
0,0:25:14
0,0:25:33
0,0:25:51
0,0:26:10
0,0:26:30
0,0:26:49
0,0:27:10
0,0:27:30
0,0:27:50
0,0:28:11
0,0:28:31
0,0:28:52
0,0:29:12
0,0:29:32
0,0:29:53
0,0:30:13
0,0:30:33
0,0:30:54
0,0:31:15
0,0:31:35
0,0:31:56
0,0:32:17
0,0:32:37
0,0:32:58
0,0:33:19
0,0:33:40
0,0:34:1
0,0:34:22
0,0:34:42
0,0:35:3
0,0:35:24
0,0:35:45
0,0:36:5
0,0:36:26
0,0:36:47
0,0:37:8
0,0:37:29
0,0:37:51
0,0:38:13
0,0:38:36
0,0:38:59
0,0:39:22
0,0:39:45
0,0:40:8
0,0:40:31
0,0:40:53
0,0:41:16
0,0:41:38
0,0:42:0
0,0:42:22
0,0:42:44
0,0:43:6
0,0:43:27
0,0:43:48
0,0:44:9
0,0:44:30
0,0:44:51
0,0:45:11
0,0:45:32
0,0:45:53
0,0:46:13
0,0:46:34
0,0:46:54
0,0:47:14
0,0:47:35
0,0:47:56
0,0:48:16
0,0:48:37
0,0:48:58
0,0:49:19
0,0:49:40
0,0:50:2
0,0:50:23
0,0:50:45
0,0:51:8
0,0:51:31
0,0:51:54
0,0:52:17
0,0:52:41
0,0:53:4
0,0:53:27
0,0:53:50
0,0:54:13
0,0:54:35
0,0:54:58
0,0:55:20
0,0:55:42
0,0:56:4
0,0:56:26
0,0:56:48
0,0:57:10
0,0:57:32
0,0:57:54
0,0:58:16
0,0:58:38
0,0:59:1
0,0:59:23
0,0:59:45
0,1:0:8
0,1:0:31
0,1:0:53
0,1:1:15
0,1:1:37
0,1:2:0
0,1:2:22
0,1:2:45
0,1:3:8
0,1:3:30
0,1:3:53
0,1:4:16
0,1:4:39
0,1:5:2
0,1:5:24
0,1:5:47
0,1:6:10
0,1:6:33
0,1:6:56
0,1:7:19
0,1:7:42
0,1:8:5
0,1:8:28
0,1:8:50
0,1:9:13
0,1:9:36
0,1:9:58
0,1:10:20
0,1:10:43
0,1:11:5
0,1:11:28
0,1:11:51
0,1:12:14
0,1:12:37
0,1:13:0
0,1:13:23
0,1:13:47
0,1:14:10
0,1:14:32
0,1:14:55
0,1:15:18
0,1:15:40
0,1:16:3
0,1:16:25
0,1:16:47
0,1:17:10
0,1:17:32
0,1:17:55
0,1:18:17
0,1:18:40
0,1:19:3
0,1:19:26
0,1:19:49
0,1:20:13
0,1:20:36
0,1:20:59
0,1:21:22
0,1:21:44
0,1:22:7
0,1:22:29
0,1:22:52
0,1:23:14
0,1:23:36
0,1:23:58
0,1:24:19
0,1:24:41
0,1:25:3
0,1:25:24
0,1:25:46
0,1:26:7
0,1:26:28
0,1:26:50
0,1:27:11
0,1:27:33
0,1:27:54
0,1:28:16
0,1:28:38
0,1:29:0
0,1:29:21
0,1:29:43
0,1:30:5
0,1:30:26
0,1:30:48
0,1:31:9
0,1:31:30
0,1:31:51
0,1:32:12
0,1:32:33
0,1:32:54
0,1:33:15
0,1:33:36
0,1:33:57
0,1:34:18
0,1:34:39
0,1:34:59
0,1:35:20
0,1:35:40
0,1:36:0
0,1:36:21
0,1:36:41
0,1:37:1
0,1:37:21
0,1:37:41
0,1:38:1
0,1:38:21
0,1:38:41
0,1:39:1
0,1:39:21
0,1:39:41
0,1:40:0
0,1:40:20
0,1:40:40
0,1:41:0
0,1:41:20
0,1:41:40
0,1:42:0
0,1:42:20
0,1:42:40
0,1:43:0
0,1:43:19
0,1:43:39
0,1:43:59
0,1:44:19
0,1:44:39
0,1:44:58
0,1:45:18
0,1:45:37
0,1:45:57
0,1:46:16
0,1:46:35
0,1:46:55
0,1:47:14
0,1:47:33
0,1:47:52
0,1:48:11
0,1:48:31
0,1:48:50
0,1:49:9
0,1:49:28
0,1:49:47
0,1:50:6
0,1:50:25
0,1:50:44
0,1:51:3
0,1:51:22
0,1:51:41
0,1:52:0
0,1:52:19
0,1:52:38
0,1:52:56
0,1:53:15
0,1:53:34
0,1:53:52
0,1:54:11
0,1:54:29
0,1:54:48
0,1:55:6
0,1:55:25
0,1:55:43
0,1:56:2
0,1:56:20
0,1:56:38
0,1:56:57
0,1:57:15
0,1:57:34
0,1:57:52
0,1:58:10
0,1:58:29
0,1:58:47
0,1:59:5
0,1:59:24
0,1:59:42
0,2:0:1
0,2:0:19
0,2:0:37
0,2:0:56
0,2:1:14
0,2:1:33
0,2:1:51
0,2:2:9
0,2:2:28
0,2:2:46
0,2:3:5
0,2:3:23
0,2:3:41
0,2:4:0
0,2:4:18
0,2:4:37
0,2:4:55
0,2:5:14
0,2:5:32
0,2:5:50
0,2:6:9
0,2:6:27
0,2:6:45
0,2:7:3
0,2:7:22
0,2:7:40
0,2:7:58
0,2:8:16
0,2:8:34
0,2:8:52
0,2:9:11
0,2:9:29
0,2:9:47
0,2:10:6
0,2:10:24
0,2:10:42
0,2:11:0
0,2:11:19
0,2:11:37
0,2:11:55
0,2:12:14
0,2:12:32
0,2:12:51
0,2:13:9
0,2:13:28
0,2:13:46
0,2:14:5
0,2:14:23
0,2:14:42
0,2:15:1
0,2:15:20
0,2:15:39
0,2:15:57
0,2:16:16
0,2:16:35
0,2:16:54
0,2:17:12
0,2:17:31
0,2:17:50
0,2:18:9
0,2:18:28
0,2:18:47
0,2:19:6
0,2:19:25
0,2:19:44
0,2:20:2
0,2:20:22
0,2:20:40
0,2:20:59
0,2:21:18
0,2:21:37
0,2:21:56
0,2:22:15
0,2:22:33
0,2:22:52
0,2:23:11
0,2:23:29
0,2:23:48
0,2:24:7
0,2:24:26
0,2:24:44
0,2:25:3
0,2:25:22
0,2:25:41
0,2:26:0
0,2:26:19
0,2:26:38
0,2:26:57
0,2:27:16
0,2:27:35
0,2:27:54
0,2:28:13
0,2:28:33
0,2:28:52
0,2:29:12
0,2:29:32
0,2:29:52
0,2:30:12
0,2:30:32
0,2:30:52
0,2:31:13
0,2:31:33
0,2:31:54
0,2:32:15
0,2:32:35
0,2:32:56
0,2:33:17
0,2:33:38
0,2:33:59
0,2:34:20
0,2:34:40
0,2:35:1
0,2:35:22
0,2:35:43
0,2:36:3
0,2:36:24
0,2:36:45
0,2:37:6
0,2:37:26
0,2:37:47
0,2:38:8
0,2:38:29
0,2:38:50
0,2:39:11
0,2:39:32
0,2:39:54
0,2:40:15
0,2:40:37
0,2:40:59
0,2:41:22
0,2:41:44
0,2:42:6
0,2:42:28
0,2:42:50
0,2:43:12
0,2:43:34
0,2:43:56
0,2:44:17
0,2:44:39
0,2:45:0
0,2:45:21
0,2:45:43
0,2:46:4
0,2:46:26
0,2:46:48
0,2:47:10
0,2:47:32
0,2:47:54
0,2:48:17
0,2:48:40
0,2:49:3
0,2:49:26
0,2:49:48
0,2:50:11
0,2:50:34
0,2:50:57
0,2:51:19
0,2:51:42
0,2:52:5
0,2:52:28
0,2:52:51
0,2:53:13
0,2:53:36
0,2:53:59
0,2:54:21
0,2:54:44
0,2:55:7
0,2:55:31
0,2:55:54
0,2:56:18
0,2:56:42
0,2:57:6
0,2:57:29
0,2:57:53
0,2:58:17
0,2:58:41
0,2:59:5
0,2:59:29
0,2:59:53
0,3:0:17
0,3:0:41
0,3:1:4
0,3:1:27
0,3:1:50
0,3:2:12
0,3:2:34
0,3:2:56
0,3:3:18
0,3:3:40
0,3:4:2
0,3:4:24
0,3:4:46
0.161343,3:5:8
0.441584,3:5:30
0.559071,3:5:53
0.573365,3:6:17
0.307161,3:6:40
0.292808,3:7:4
0.306163,3:7:27
0.640652,3:7:51
0.664148,3:8:15
0.688143,3:8:39
0.644712,3:9:3
0.407525,3:9:27
0.32718,3:9:51
0.10116,3:10:14
0.101907,3:10:38
0.0983772,3:11:1
0.0919886,3:11:25
0.0884712,3:11:48
0.0874926,3:12:12
0.0894711,3:12:36
0.094091,3:13:0
0.10196,3:13:24
0.106552,3:13:49
0,3:14:13
0.230524,3:14:36
0.127648,3:15:0
0.209668,3:15:24
0.453148,3:15:48
0.589265,3:16:12
0.836864,3:16:36
1.03024,3:17:0
1.26642,3:17:23
1.31333,3:17:47
1.36378,3:18:11
1.40795,3:18:35
1.43942,3:18:58
1.45836,3:19:21
1.47016,3:19:43
1.1381,3:20:6
0.759969,3:20:29
0.725794,3:20:51
0.378503,3:21:14
0.327093,3:21:37
0.317756,3:22:0
0.309584,3:22:23
0,3:22:46
0.0934144,3:23:9
0.163334,3:23:33
0.261906,3:23:56
0.255702,3:24:19
0.248966,3:24:42
0.240568,3:25:5
0.230338,3:25:28
0.217047,3:25:51
0.200787,3:26:13
0.18045,3:26:35
0.154157,3:26:57
0,3:27:19
0.287871,3:27:41
0,3:28:3
0,3:28:25
0,3:28:47
0,3:29:9
0,3:29:30
0,3:29:52
0,3:30:14
0,3:30:36
0,3:30:58
0,3:31:19
0,3:31:41
0,3:32:2
0,3:32:23
0,3:32:45
0,3:33:6
0,3:33:27
0,3:33:49
0,3:34:10
0,3:34:32
0,3:34:53
0,3:35:15
0,3:35:36
0,3:35:58
0,3:36:19
0,3:36:40
0,3:37:1
0,3:37:21
0,3:37:42
0,3:38:2
0,3:38:23
0,3:38:43
0,3:39:3
0,3:39:23
0,3:39:42
0,3:40:2
0,3:40:22
0,3:40:41
0,3:41:1
0,3:41:20
0,3:41:40
0,3:41:59
0,3:42:18
0,3:42:37
0,3:42:56
0,3:43:16
0,3:43:34
0,3:43:53
0,3:44:12
0,3:44:31
0,3:44:50
0,3:45:9
0,3:45:28
0,3:45:46
0,3:46:5
0,3:46:24
0,3:46:42
0,3:47:1
0,3:47:20
0,3:47:38
0,3:47:56
0,3:48:15
0,3:48:33
0,3:48:51
0,3:49:10
0,3:49:28
0,3:49:46
0,3:50:3
0,3:50:21
0,3:50:39
0,3:50:57
0,3:51:14
0,3:51:32
0,3:51:49
0,3:52:7
0,3:52:24
0,3:52:41
0,3:52:59
0,3:53:16
0,3:53:33
0,3:53:50
0,3:54:7
0,3:54:24
0,3:54:40
0,3:54:57
0,3:55:13
0,3:55:30
0,3:55:46
0,3:56:2
0,3:56:19
0,3:56:35
0,3:56:52
0,3:57:8
0,3:57:25
0,3:57:41
0,3:57:57
0,3:58:14
0,3:58:30
0,3:58:47
0,3:59:3
0,3:59:19
0,3:59:36
0,3:59:52
0,4:0:9
0,4:0:25
0,4:0:42
0,4:0:58
0,4:1:15
0,4:1:31
0,4:1:47
0,4:2:4
0,4:2:20
0,4:2:36
0,4:2:53
0,4:3:9
0,4:3:25
0,4:3:42
0,4:3:58
0,4:4:14
0,4:4:31
0,4:4:47
0,4:5:4
0,4:5:20
0,4:5:36
0,4:5:53
0,4:6:9
0,4:6:25
0,4:6:42
0,4:6:58
0,4:7:14
0,4:7:31
0,4:7:47
0,4:8:3
0,4:8:19
0,4:8:36
0,4:8:52
0,4:9:8
0,4:9:25
0,4:9:41
0,4:9:57
0,4:10:14
0,4:10:30
0,4:10:46
0,4:11:2
0,4:11:18
0,4:11:34
0,4:11:50
0,4:12:6
0,4:12:22
0,4:12:38
0,4:12:54
0,4:13:10
0,4:13:26
0,4:13:42
0,4:13:59
0,4:14:15
0,4:14:31
0,4:14:47
0,4:15:3
0,4:15:19
0,4:15:35
0,4:15:51
0,4:16:7
0,4:16:24
0,4:16:40
0,4:16:56
0,4:17:12
0,4:17:28
0,4:17:44
0,4:18:0
0,4:18:16
0,4:18:33
0,4:18:49
0,4:19:5
0,4:19:21
0,4:19:37
0,4:19:53
0,4:20:9
0,4:20:26
0,4:20:42
0,4:20:59
0,4:21:15
0,4:21:32
0,4:21:48
0,4:22:5
0,4:22:22
0,4:22:38
0,4:22:55
0,4:23:12
0,4:23:28
0,4:23:45
0,4:24:2
0,4:24:18
0,4:24:35
0,4:24:52
0,4:25:8
0,4:25:25
0,4:25:41
0,4:25:58
0,4:26:15
0,4:26:31
0,4:26:48
0,4:27:5
0,4:27:21
0,4:27:38
0,4:27:55
0,4:28:11
0,4:28:28
0,4:28:44
0,4:29:1
0,4:29:18
0,4:29:34
0,4:29:51
0,4:30:7
0,4:30:24
0,4:30:41
0,4:30:57
0,4:31:14
0,4:31:30
0,4:31:47
0,4:32:4
0,4:32:20
0,4:32:37
0,4:32:53
0,4:33:10
0,4:33:27
0,4:33:43
0,4:34:0
0,4:34:17
0,4:34:33
0,4:34:50
0,4:35:7
0,4:35:24
0,4:35:41
0,4:35:58
0,4:36:15
0,4:36:32
0,4:36:49
0,4:37:7
0,4:37:24
0,4:37:41
0,4:37:58
0,4:38:16
0,4:38:33
0,4:38:51
0,4:39:8
0,4:39:26
0,4:39:43
0,4:40:1
0,4:40:18
0,4:40:36
0,4:40:54
0,4:41:11
0,4:41:29
0,4:41:47
0,4:42:6
0,4:42:24
0,4:42:42
0,4:43:1
0,4:43:19
0,4:43:38
0,4:43:57
0,4:44:15
0,4:44:34
0,4:44:52
0,4:45:11
0,4:45:29
0,4:45:48
0,4:46:6
0,4:46:24
0,4:46:43
0,4:47:1
0,4:47:19
0,4:47:37
0,4:47:56
0,4:48:14
0,4:48:32
0,4:48:50
0,4:49:9
0,4:49:27
0,4:49:45
0,4:50:3
0,4:50:22
0,4:50:40
0,4:50:58
0,4:51:17
0,4:51:35
0,4:51:53
0,4:52:12
0,4:52:30
0,4:52:49
0,4:53:7
0,4:53:26
0,4:53:44
0,4:54:3
0,4:54:22
0,4:54:40
0,4:54:59
0,4:55:18
0,4:55:38
0,4:55:57
0,4:56:16
0,4:56:35
0,4:56:55
0,4:57:14
0,4:57:33
0,4:57:53
0,4:58:12
0,4:58:31
0,4:58:51
0,4:59:10
0,4:59:29
0,4:59:49
0,5:0:8
0,5:0:28
0,5:0:47
0,5:1:6
0,5:1:26
0,5:1:45
0,5:2:4
0,5:2:24
0,5:2:43
0,5:3:2
0,5:3:22
0,5:3:41
0,5:4:0
0,5:4:19
0,5:4:38
0,5:4:58
0,5:5:17
0,5:5:37
0,5:5:56
0,5:6:15
0,5:6:35
0,5:6:54
0,5:7:14
0,5:7:34
0,5:7:53
0,5:8:13
0,5:8:32
0,5:8:52
0,5:9:11
0,5:9:31
0,5:9:51
0,5:10:10
0,5:10:30
0,5:10:49
0,5:11:9
0,5:11:29
0,5:11:48
0,5:12:8
0,5:12:27
0,5:12:47
0,5:13:6
0,5:13:26
0,5:13:45
0,5:14:5
0,5:14:25
0,5:14:44
0,5:15:4
0,5:15:24
0,5:15:43
0,5:16:3
0,5:16:23
0,5:16:42
0,5:17:2
0,5:17:21
0,5:17:41
0,5:18:1
0,5:18:20
0,5:18:40
0,5:18:59
0,5:19:19
0,5:19:38
0,5:19:58
0,5:20:17
0,5:20:37
0,5:20:56
0,5:21:16
0,5:21:36
0,5:21:55
0,5:22:15
0,5:22:34
0,5:22:54
0,5:23:13
0,5:23:32
0,5:23:52
0,5:24:11
0,5:24:30
0,5:24:49
0,5:25:8
0,5:25:27
0,5:25:46
0,5:26:5
0,5:26:24
0,5:26:42
0,5:27:1
0,5:27:20
0,5:27:39
0,5:27:57
0,5:28:16
0,5:28:35
0,5:28:53
0,5:29:12
0,5:29:30
0,5:29:49
0,5:30:7
0,5:30:26
0,5:30:44
0,5:31:3
0,5:31:21
0,5:31:40
0,5:31:59
0,5:32:17
0,5:32:36
0,5:32:55
0,5:33:14
0,5:33:33
0,5:33:51
0,5:34:10
0,5:34:29
0,5:34:48
0,5:35:7
0,5:35:26
0,5:35:44
0,5:36:3
0,5:36:22
0,5:36:40
0,5:36:58
0,5:37:17
0,5:37:35
0,5:37:54
0,5:38:12
0,5:38:30
0,5:38:49
0,5:39:7
0,5:39:25
0,5:39:43
0,5:40:1
0,5:40:19
0,5:40:37
0,5:40:55
0,5:41:13
0,5:41:31
0,5:41:49
0,5:42:7
0,5:42:25
0,5:42:43
0,5:43:1
0,5:43:19
0,5:43:37
0,5:43:54
0,5:44:12
0,5:44:30
0,5:44:48
0,5:45:6
0,5:45:24
0,5:45:42
0,5:45:59
0,5:46:17
0,5:46:35
0,5:46:53
0,5:47:11
0,5:47:28
0,5:47:46
0,5:48:4
0,5:48:22
0,5:48:40
0,5:48:57
0,5:49:15
0,5:49:33
0,5:49:51
0,5:50:9
0,5:50:26
0,5:50:44
0,5:51:2
0,5:51:20
0,5:51:38
0,5:51:56
0,5:52:14
0,5:52:32
0,5:52:50
0,5:53:8
0,5:53:26
0,5:53:43
0,5:54:1
0,5:54:19
0,5:54:37
0,5:54:55
0,5:55:12
0,5:55:30
0,5:55:48
0,5:56:5
0,5:56:23
0,5:56:40
0,5:56:58
0,5:57:15
0,5:57:33
0,5:57:50
0,5:58:7
0,5:58:25
0,5:58:42
0,5:58:59
0,5:59:17
0,5:59:34
0,5:59:51
0,6:0:8
0,6:0:24
0,6:0:41
0,6:0:58
0,6:1:15
0,6:1:31
0,6:1:48
0,6:2:5
0,6:2:22
0,6:2:38
0,6:2:55
0,6:3:12
0,6:3:28
0,6:3:45
0,6:4:2
0,6:4:18
0,6:4:35
0,6:4:52
0,6:5:8
0,6:5:25
0,6:5:41
0,6:5:58
0,6:6:14
0,6:6:31
0,6:6:47
0,6:7:4
0,6:7:20
0,6:7:36
0,6:7:52
0,6:8:9
0,6:8:25
0,6:8:41
0,6:8:57
0,6:9:13
0,6:9:29
0,6:9:45
0,6:10:1
0,6:10:17
0,6:10:34
0,6:10:50
0,6:11:6
0,6:11:22
0,6:11:38
0,6:11:54
0,6:12:10
0,6:12:26
0,6:12:43
0,6:12:59
0,6:13:15
0,6:13:31
0,6:13:47
0,6:14:3
0,6:14:19
0,6:14:35
0,6:14:51
0,6:15:8
0,6:15:24
0,6:15:40
0,6:15:56
0,6:16:12
0,6:16:28
0,6:16:44
0,6:17:0
0,6:17:16
0,6:17:32
0,6:17:48
0,6:18:4
0,6:18:20
0,6:18:35
0,6:18:51
0,6:19:7
0,6:19:23
0,6:19:39
0,6:19:54
0,6:20:10
0,6:20:26
0,6:20:42
0,6:20:57
0,6:21:13
0,6:21:29
0,6:21:45
0,6:22:1
0,6:22:16
0,6:22:32
0,6:22:48
0,6:23:4
0,6:23:19
0,6:23:35
0,6:23:51
0,6:24:7
0,6:24:23
0,6:24:38
0,6:24:54
0,6:25:10
0,6:25:26
0,6:25:41
0,6:25:57
0,6:26:13
0,6:26:29
0,6:26:44
0,6:27:0
0,6:27:16
0,6:27:32
0,6:27:48
0,6:28:4
0,6:28:20
0,6:28:36
0,6:28:53
0,6:29:9
0,6:29:25
0,6:29:42
0,6:29:59
0,6:30:16
0,6:30:33
0,6:30:50
0,6:31:6
0,6:31:23
0,6:31:40
0,6:31:57
0,6:32:14
0,6:32:30
0,6:32:47
0,6:33:4
0,6:33:20
0,6:33:37
0,6:33:54
0,6:34:10
0,6:34:27
0,6:34:43
0,6:35:0
0,6:35:16
0,6:35:33
0,6:35:49
0,6:36:6
0,6:36:22
0,6:36:38
0,6:36:55
0,6:37:11
0,6:37:27
0,6:37:43
0,6:37:59
0,6:38:15
0,6:38:32
0,6:38:48
0,6:39:4
0,6:39:20
0,6:39:37
0,6:39:53
0,6:40:9
0,6:40:25
0,6:40:41
0,6:40:57
0,6:41:13
0,6:41:29
0,6:41:46
0,6:42:2
0,6:42:18
0,6:42:34
0,6:42:50
0,6:43:6
0,6:43:23
0,6:43:39
0,6:43:55
0,6:44:11
0,6:44:28
0,6:44:44
0,6:45:1
0,6:45:17
0,6:45:34
0,6:45:51
0,6:46:8
0,6:46:24
0,6:46:41
0,6:46:58
0,6:47:14
0,6:47:31
0,6:47:48
0,6:48:5
0,6:48:21
0,6:48:38
0,6:48:55
0,6:49:12
0,6:49:28
0,6:49:45
0,6:50:2
0,6:50:18
0,6:50:35
0,6:50:52
0,6:51:8
0,6:51:25
0,6:51:42
0,6:51:58
0,6:52:15
0,6:52:31
0,6:52:48
0,6:53:5
0,6:53:21
0,6:53:38
0,6:53:54
0,6:54:11
0,6:54:28
0,6:54:44
0,6:55:1
0,6:55:17
0,6:55:34
0,6:55:51
0,6:56:7
0,6:56:24
0,6:56:40
0,6:56:57
0,6:57:14
0,6:57:30
0,6:57:47
0,6:58:4
0,6:58:20
0,6:58:37
0,6:58:54
0,6:59:10
0,6:59:27
0,6:59:44
0,7:0:1
0,7:0:17
0,7:0:34
0,7:0:51
0,7:1:8
0,7:1:24
0,7:1:41
0,7:1:58
0,7:2:15
0,7:2:32
0,7:2:48
0,7:3:5
0,7:3:22
0,7:3:39
0,7:3:56
0,7:4:13
0,7:4:30
0,7:4:46
0,7:5:3
0,7:5:20
0,7:5:38
0,7:5:55
0,7:6:12
0,7:6:29
0,7:6:47
0,7:7:4
0,7:7:22
0,7:7:39
0,7:7:57
0,7:8:14
0,7:8:32
0,7:8:49
0,7:9:6
0,7:9:24
0,7:9:41
0,7:9:59
0,7:10:16
0,7:10:33
0,7:10:51
0,7:11:8
0,7:11:25
0,7:11:42
0,7:11:59
0,7:12:16
0,7:12:33
0,7:12:50
0,7:13:7
0,7:13:24
0,7:13:41
0,7:13:57
0,7:14:14
0,7:14:31
0,7:14:48
0,7:15:4
0,7:15:21
0,7:15:38
0,7:15:54
0,7:16:11
0,7:16:28
0,7:16:45
0,7:17:1
0,7:17:18
0,7:17:35
0,7:17:51
0,7:18:8
0,7:18:25
0,7:18:42
0,7:18:58
0,7:19:15
0,7:19:32
0,7:19:49
0,7:20:5
0,7:20:22
0,7:20:39
0,7:20:56
0,7:21:13
0,7:21:30
0,7:21:47
0,7:22:4
0,7:22:21
0,7:22:38
0,7:22:55
0,7:23:12
0,7:23:29
0,7:23:46
0,7:24:3
0,7:24:20
0,7:24:37
0,7:24:55
0,7:25:12
0,7:25:29
0,7:25:46
0,7:26:4
0,7:26:21
0,7:26:39
0,7:26:56
0,7:27:14
0,7:27:31
0,7:27:49
0,7:28:6
0,7:28:24
0,7:28:41
0,7:28:59
0,7:29:17
0,7:29:35
0,7:29:52
0,7:30:10
0,7:30:28
0,7:30:45
0,7:31:3
0,7:31:21
0,7:31:38
0,7:31:56
0,7:32:13
0,7:32:31
0,7:32:49
0,7:33:6
0,7:33:24
0,7:33:42
0,7:34:0
0,7:34:17
0,7:34:35
0,7:34:53
0,7:35:11
0,7:35:29
0,7:35:46
0,7:36:4
0,7:36:22
0,7:36:40
0,7:36:58
0,7:37:16
0,7:37:34
0,7:37:52
0,7:38:9
0,7:38:27
0,7:38:45
0,7:39:3
0,7:39:21
0,7:39:39
0,7:39:56
0,7:40:14
0,7:40:32
0,7:40:50
0,7:41:8
0,7:41:26
0,7:41:44
0,7:42:2
0,7:42:20
0,7:42:38
0,7:42:55
0,7:43:13
0,7:43:31
0,7:43:49
0,7:44:7
0,7:44:25
0,7:44:43
0,7:45:1
0,7:45:19
0,7:45:37
0,7:45:56
0,7:46:14
0,7:46:32
0,7:46:50
0,7:47:8
0,7:47:26
0,7:47:45
0,7:48:3
0,7:48:21
0,7:48:40
0,7:48:58
0,7:49:17
0,7:49:35
0,7:49:53
0,7:50:12
0,7:50:30
0,7:50:48
0,7:51:7
0,7:51:25
0,7:51:44
0,7:52:2
0,7:52:20
0,7:52:39
0,7:52:57
0,7:53:16
0,7:53:34
0,7:53:52
0,7:54:11
0,7:54:29
0,7:54:47
0,7:55:6
0,7:55:24
0,7:55:42
0,7:56:0
0,7:56:19
0,7:56:37
0,7:56:55
0,7:57:13
0,7:57:31
0,7:57:50
0,7:58:8
0,7:58:27
0,7:58:45
0,7:59:4
0,7:59:22
0,7:59:41
0,7:59:59
0,8:0:18
0,8:0:37
0,8:0:55
0,8:1:14
0,8:1:33
0,8:1:51
0,8:2:10
0,8:2:29
0,8:2:48
0,8:3:6
0,8:3:25
0,8:3:44
0,8:4:2
0,8:4:21
0,8:4:40
0,8:4:59
0,8:5:17
0,8:5:36
0,8:5:55
0,8:6:14
0,8:6:33
0,8:6:52
0,8:7:10
0,8:7:29
0,8:7:48
0,8:8:6
0,8:8:25
0,8:8:43
0,8:9:2
0,8:9:20
0,8:9:39
0,8:9:57
0,8:10:16
0,8:10:34
0,8:10:53
0,8:11:11
0,8:11:30
0,8:11:48
0,8:12:7
0,8:12:25
0,8:12:44
0,8:13:2
0,8:13:20
0,8:13:39
0,8:13:57
0,8:14:15
0,8:14:34
0,8:14:53
0,8:15:11
0,8:15:30
0,8:15:48
0,8:16:7
0,8:16:26
0,8:16:44
0,8:17:3
0,8:17:22
0,8:17:40
0,8:17:59
0,8:18:17
0,8:18:36
0,8:18:54
0,8:19:13
0,8:19:31
0,8:19:50
0,8:20:8
0,8:20:27
0,8:20:45
0,8:21:3
0,8:21:21
0,8:21:40
0,8:21:58
0,8:22:16
0,8:22:35
0,8:22:53
0,8:23:11
0,8:23:30
0,8:23:48
0,8:24:6
0,8:24:24
0,8:24:42
0,8:25:1
0,8:25:19
0,8:25:37
0,8:25:55
0,8:26:14
0,8:26:32
0,8:26:50
0,8:27:8
0,8:27:27
0,8:27:45
0,8:28:3
0,8:28:21
0,8:28:39
0,8:28:57
0,8:29:15
0,8:29:33
0,8:29:51
0,8:30:9
0,8:30:28
0,8:30:46
0,8:31:4
0,8:31:22
0,8:31:40
0,8:31:58
0,8:32:15
0,8:32:33
0,8:32:51
0,8:33:9
0,8:33:26
0,8:33:44
0,8:34:2
0,8:34:20
0,8:34:38
0,8:34:57
0,8:35:15
0,8:35:33
0,8:35:52
0,8:36:10
0,8:36:29
0,8:36:47
0,8:37:4
0,8:37:21
0,8:37:39
0,8:37:56
0,8:38:13
0,8:38:30
0,8:38:47
0,8:39:4
0,8:39:21
0,8:39:38
0,8:39:56
0,8:40:13
0,8:40:30
0,8:40:47
0,8:41:5
0,8:41:22
0,8:41:39
0,8:41:56
0,8:42:14
0,8:42:31
0,8:42:49
0,8:43:6
0,8:43:23
0,8:43:41
0,8:43:58
0,8:44:16
0,8:44:34
0,8:44:51
0,8:45:9
0,8:45:27
0,8:45:44
0,8:46:2
0,8:46:20
0,8:46:37
0,8:46:55
0,8:47:12
0,8:47:30
0,8:47:47
0,8:48:5
0,8:48:22
0,8:48:40
0,8:48:57
0,8:49:14
0,8:49:32
0,8:49:49
0,8:50:6
0,8:50:23
0,8:50:40
0,8:50:57
0,8:51:14
0,8:51:31
0,8:51:48
0,8:52:5
0,8:52:22
0,8:52:39
0,8:52:56
0,8:53:13
0,8:53:30
0,8:53:46
0,8:54:3
0,8:54:20
0,8:54:37
0,8:54:54
0,8:55:11
0,8:55:28
0,8:55:45
0,8:56:2
0,8:56:19
0,8:56:36
0,8:56:53
0,8:57:10
0,8:57:27
0,8:57:43
0,8:58:0
0,8:58:16
0,8:58:33
0,8:58:49
0,8:59:6
0,8:59:22
0,8:59:39
0,8:59:55
0,9:0:12
0,9:0:28
0,9:0:45
0,9:1:2
0,9:1:19
0,9:1:36
0,9:1:53
0,9:2:10
0,9:2:27
0,9:2:44
0,9:3:2
0,9:3:19
0,9:3:37
0,9:3:54
0,9:4:12
0,9:4:30
0,9:4:48
0,9:5:5
0,9:5:23
0,9:5:40
0,9:5:58
0,9:6:15
0,9:6:32
0,9:6:49
0,9:7:7
0,9:7:24
0,9:7:41
0,9:7:58
0,9:8:15
0,9:8:32
0,9:8:49
0,9:9:5
0,9:9:22
0,9:9:39
0,9:9:56
0,9:10:13
0,9:10:29
0,9:10:46
0,9:11:3
0,9:11:20
0,9:11:37
0,9:11:54
0,9:12:11
0,9:12:28
0,9:12:45
0,9:13:2
0,9:13:20
0,9:13:37
0,9:13:54
0,9:14:12
0,9:14:29
0,9:14:46
0,9:15:4
0,9:15:21
0,9:15:39
0,9:15:56
0,9:16:13
0,9:16:31
0,9:16:49
0,9:17:6
0,9:17:24
0,9:17:41
0,9:17:59
0,9:18:16
0,9:18:34
0,9:18:51
0,9:19:8
0,9:19:26
0,9:19:43
0,9:20:1
0,9:20:18
0,9:20:35
0,9:20:53
0,9:21:10
0,9:21:27
0,9:21:45
0,9:22:2
0,9:22:20
0,9:22:37
0,9:22:54
0,9:23:12
0,9:23:29
0,9:23:46
0,9:24:4
0,9:24:21
0,9:24:38
0,9:24:56
0,9:25:13
0,9:25:30
0,9:25:48
0,9:26:5
0,9:26:22
0,9:26:40
0,9:26:57
0,9:27:14
0,9:27:31
0,9:27:49
0,9:28:6
0,9:28:23
0,9:28:40
0,9:28:57
0,9:29:14
0,9:29:32
0,9:29:49
0,9:30:6
0,9:30:24
0,9:30:41
0,9:30:58
0,9:31:16
0,9:31:33
0,9:31:50
0,9:32:7
0,9:32:25
0,9:32:42
0,9:32:59
0,9:33:16
0,9:33:34
0,9:33:51
0,9:34:8
0,9:34:26
0,9:34:43
0,9:35:0
0,9:35:18
0,9:35:35
0,9:35:52
0,9:36:9
0,9:36:26
0,9:36:43
0,9:37:0
0,9:37:17
0,9:37:35
0,9:37:52
0,9:38:9
0,9:38:26
0,9:38:43
0,9:39:0
0,9:39:18
0,9:39:35
0,9:39:52
0,9:40:9
0,9:40:27
0,9:40:44
0,9:41:1
0,9:41:19
0,9:41:36
0,9:41:53
0,9:42:11
0,9:42:28
0,9:42:46
0,9:43:3
0,9:43:21
0,9:43:38
0,9:43:55
0,9:44:13
0,9:44:30
0,9:44:47
0,9:45:4
0,9:45:21
0,9:45:39
0,9:45:56
0,9:46:13
0,9:46:30
0,9:46:47
0,9:47:4
0,9:47:21
0,9:47:38
0,9:47:55
0,9:48:12
0,9:48:29
0,9:48:46
0,9:49:3
0,9:49:20
0,9:49:37
0,9:49:54
0,9:50:11
0,9:50:28
0,9:50:45
0,9:51:2
0,9:51:18
0,9:51:35
0,9:51:52
0,9:52:9
0,9:52:26
0,9:52:43
0,9:53:0
0,9:53:17
0,9:53:34
0,9:53:51
0,9:54:8
0,9:54:26
0,9:54:43
0,9:55:0
0,9:55:17
0,9:55:34
0,9:55:52
0,9:56:9
0,9:56:27
0,9:56:44
0,9:57:2
0,9:57:19
0,9:57:37
0,9:57:54
0,9:58:12
0,9:58:29
0,9:58:47
0,9:59:4
0,9:59:22
0,9:59:39
0,9:59:56
0,10:0:14
0,10:0:31
0,10:0:48
0,10:1:6
0,10:1:23
0,10:1:40
0,10:1:57
0,10:2:14
0,10:2:31
0,10:2:49
0,10:3:6
0,10:3:22
0,10:3:39
0,10:3:56
0,10:4:13
0,10:4:30
0,10:4:47
0,10:5:4
0,10:5:20
0,10:5:37
0,10:5:54
0,10:6:11
0,10:6:28
0,10:6:44
0,10:7:1
0,10:7:18
0,10:7:35
0,10:7:52
0,10:8:10
0,10:8:27
0,10:8:44
0,10:9:1
0,10:9:18
0,10:9:36
0,10:9:53
0,10:10:10
0,10:10:28
0,10:10:45
0,10:11:3
0,10:11:20
0,10:11:38
0,10:11:55
0,10:12:12
0,10:12:29
0,10:12:47
0,10:13:4
0,10:13:21
0,10:13:38
0,10:13:56
0,10:14:13
0,10:14:30
0,10:14:47
0,10:15:5
0,10:15:22
0,10:15:39
0,10:15:56
0,10:16:14
0,10:16:31
0,10:16:48
0,10:17:5
0,10:17:23
0,10:17:40
0,10:17:57
0,10:18:14
0,10:18:32
0,10:18:49
0,10:19:6
0,10:19:24
0,10:19:41
0,10:19:58
0,10:20:15
0,10:20:32
0,10:20:50
0,10:21:7
0,10:21:24
0,10:21:41
0,10:21:59
0,10:22:16
0,10:22:33
0,10:22:50
0,10:23:8
0,10:23:25
0,10:23:42
0,10:24:0
0,10:24:17
0,10:24:34
0,10:24:52
0,10:25:10
0,10:25:27
0,10:25:45
0,10:26:3
0,10:26:20
0,10:26:38
0,10:26:55
0,10:27:13
0,10:27:31
0,10:27:48
0,10:28:6
0,10:28:24
0,10:28:41
0,10:28:59
0,10:29:17
0,10:29:35
0,10:29:52
0,10:30:10
0,10:30:28
0,10:30:46
0,10:31:3
0,10:31:21
0,10:31:38
0,10:31:56
0,10:32:14
0,10:32:31
0,10:32:49
0,10:33:7
0,10:33:24
0,10:33:42
0,10:33:59
0,10:34:17
0,10:34:35
0,10:34:52
0,10:35:10
0,10:35:28
0,10:35:46
0,10:36:3
0,10:36:21
0,10:36:39
0,10:36:57
0,10:37:14
0,10:37:32
0,10:37:50
0,10:38:8
0,10:38:26
0,10:38:43
0,10:39:1
0,10:39:19
0,10:39:37
0,10:39:54
0,10:40:12
0,10:40:30
0,10:40:47
0,10:41:5
0,10:41:23
0,10:41:40
0,10:41:58
0,10:42:16
0,10:42:34
0.0226474,10:42:52
0.154126,10:43:9
0.191407,10:43:27
0.192886,10:43:45
0.194672,10:44:3
0.196768,10:44:21
0.199175,10:44:39
0.201893,10:44:57
0.204903,10:45:15
0.207843,10:45:33
0.211016,10:45:52
0.214542,10:46:10
0.218381,10:46:28
0.222241,10:46:46
0.22567,10:47:4
0.228525,10:47:22
0.230611,10:47:40
0.232523,10:47:58
0.234285,10:48:15
0.235714,10:48:33
0.236572,10:48:51
0.236659,10:49:9
0.23635,10:49:26
0.235982,10:49:44
0.235557,10:50:2
0.234996,10:50:20
0.234131,10:50:37
0.233022,10:50:55
0.231863,10:51:13
0.230981,10:51:30
0.230694,10:51:48
0.230383,10:52:6
0.230178,10:52:23
0.230365,10:52:41
0.231016,10:52:59
0.232323,10:53:17
0.234487,10:53:35
0.238005,10:53:53
0.241909,10:54:11
0.245561,10:54:29
0.248036,10:54:48
0.250025,10:55:6
0.252568,10:55:24
0.256586,10:55:42
0.262217,10:56:0
0.26831,10:56:18
0.27253,10:56:37
0.152517,10:56:55
0.122366,10:57:12
0.122238,10:57:30
0.122099,10:57:48
0.12196,10:58:6
0.12154,10:58:24
0.120457,10:58:42
0.118687,10:58:59
0.116237,10:59:17
0.113447,10:59:35
0.110169,10:59:52
0.106469,11:0:10
0.102668,11:0:28
0.0989266,11:0:45
0.0953792,11:1:3
0.0920308,11:1:21
0.0893037,11:1:39
0.087096,11:1:56
0.0855389,11:2:14
0.0846696,11:2:32
0.0846383,11:2:50
0.171272,11:3:8
0.234653,11:3:26
0.236914,11:3:44
0.239536,11:4:2
0.242693,11:4:20
0.245902,11:4:38
0.249105,11:4:56
0.252301,11:5:15
0.25549,11:5:33
0.258672,11:5:51
0.261847,11:6:9
0.264832,11:6:27
0.267457,11:6:45
0.269726,11:7:3
0.271442,11:7:21
0.145433,11:7:39
0.126609,11:7:57
0.125498,11:8:15
0.112656,11:8:33
0,11:8:50
0,11:9:8
0,11:9:26
0,11:9:44
0,11:10:2
0,11:10:20
0,11:10:38
0,11:10:56
0,11:11:14
0,11:11:32
0,11:11:50
0,11:12:8
0,11:12:26
0,11:12:44
0,11:13:2
0,11:13:20
0,11:13:38
0,11:13:55
0,11:14:13
0,11:14:31
0,11:14:49
0,11:15:7
0,11:15:25
0,11:15:43
0,11:16:1
0,11:16:19
0,11:16:37
0,11:16:56
0,11:17:14
0,11:17:32
0,11:17:50
0,11:18:8
0,11:18:26
0,11:18:44
0,11:19:2
0,11:19:20
0,11:19:38
0,11:19:56
0,11:20:14
0,11:20:32
0,11:20:50
0,11:21:8
0,11:21:26
0,11:21:44
0,11:22:2
0,11:22:20
0,11:22:38
0,11:22:56
0,11:23:14
0,11:23:32
0,11:23:50
0,11:24:8
0,11:24:26
0,11:24:43
0,11:25:1
0,11:25:19
0,11:25:37
0,11:25:54
0,11:26:12
0,11:26:29
0,11:26:47
0,11:27:5
0,11:27:22
0,11:27:40
0,11:27:58
0,11:28:15
0,11:28:33
0,11:28:50
0,11:29:8
0,11:29:26
0,11:29:43
0,11:30:1
0,11:30:19
0,11:30:36
0,11:30:54
0,11:31:11
0,11:31:29
0,11:31:47
0,11:32:4
0,11:32:22
0,11:32:40
0,11:32:57
0,11:33:15
0,11:33:33
0,11:33:51
0,11:34:9
0,11:34:26
0,11:34:44
0,11:35:2
0,11:35:19
0,11:35:37
0,11:35:55
0,11:36:12
0,11:36:30
0,11:36:47
0,11:37:5
0,11:37:22
0,11:37:40
0,11:37:57
0,11:38:15
0,11:38:32
0,11:38:50
0,11:39:7
0,11:39:25
0,11:39:42
0,11:40:0
0,11:40:17
0,11:40:35
0,11:40:52
0,11:41:10
0,11:41:28
0,11:41:46
0,11:42:3
0,11:42:21
0,11:42:39
0,11:42:57
0,11:43:14
0,11:43:32
0,11:43:50
0,11:44:8
0,11:44:26
0,11:44:43
0,11:45:1
0,11:45:19
0,11:45:36
0,11:45:54
0,11:46:12
0,11:46:30
0,11:46:47
0,11:47:5
0,11:47:22
0,11:47:40
0,11:47:58
0,11:48:15
0,11:48:33
0,11:48:51
0,11:49:8
0,11:49:26
0,11:49:44
0,11:50:2
0,11:50:20
0,11:50:37
0,11:50:55
0,11:51:13
0,11:51:31
0,11:51:48
0,11:52:6
0,11:52:24
0,11:52:42
0,11:53:0
0,11:53:17
0,11:53:35
0,11:53:53
0,11:54:11
0,11:54:29
0,11:54:47
0,11:55:4
0,11:55:22
0,11:55:40
0,11:55:58
0,11:56:16
0,11:56:34
0,11:56:51
0,11:57:9
0,11:57:27
0,11:57:44
0,11:58:2
0,11:58:20
0,11:58:37
0,11:58:55
0,11:59:12
0,11:59:30
0,11:59:47
0,12:0:4
0,12:0:21
0,12:0:38
0,12:0:55
0,12:1:12
0,12:1:29
0,12:1:45
0,12:2:1
0,12:2:18
0,12:2:34
0,12:2:50
0,12:3:5
0,12:3:21
0,12:3:37
0,12:3:52
0,12:4:8
0,12:4:24
0,12:4:39
0,12:4:55
0,12:5:10
0,12:5:25
0,12:5:41
0,12:5:56
0,12:6:11
0,12:6:26
0,12:6:42
0,12:6:57
0,12:7:12
0,12:7:27
0,12:7:42
0,12:7:57
0,12:8:13
0,12:8:28
0,12:8:43
0,12:8:58
0,12:9:13
0,12:9:28
0,12:9:43
0,12:9:58
0,12:10:13
0,12:10:28
0,12:10:43
0,12:10:58
0,12:11:13
0,12:11:28
0,12:11:43
0,12:11:58
0,12:12:13
0,12:12:28
0,12:12:43
0,12:12:58
0,12:13:13
0,12:13:28
0,12:13:43
0,12:13:58
0,12:14:13
0,12:14:28
0,12:14:43
0,12:14:58
0,12:15:13
0,12:15:28
0,12:15:43
0,12:15:58
0,12:16:13
0,12:16:28
0,12:16:43
0,12:16:58
0,12:17:13
0,12:17:28
0,12:17:43
0,12:17:58
0,12:18:13
0,12:18:28
0,12:18:43
0,12:18:58
0,12:19:13
0,12:19:28
0,12:19:43
0,12:19:58
0,12:20:13
0,12:20:28
0,12:20:43
0,12:20:58
0,12:21:13
0,12:21:27
0,12:21:42
0,12:21:57
0,12:22:12
0,12:22:27
0,12:22:42
0,12:22:57
0,12:23:12
0,12:23:27
0,12:23:41
0,12:23:56
0,12:24:11
0,12:24:26
0,12:24:41
0,12:24:56
0,12:25:11
0,12:25:25
0,12:25:40
0,12:25:55
0,12:26:10
0,12:26:24
0,12:26:39
0,12:26:54
0,12:27:9
0,12:27:23
0,12:27:38
0,12:27:53
0,12:28:8
0,12:28:22
0,12:28:37
0,12:28:51
0,12:29:6
0,12:29:21
0,12:29:35
0,12:29:50
0,12:30:5
0,12:30:19
0,12:30:34
0,12:30:49
0,12:31:3
0,12:31:18
0,12:31:33
0,12:31:47
0,12:32:2
0,12:32:17
0,12:32:31
0,12:32:46
0,12:33:0
0,12:33:15
0,12:33:30
0,12:33:44
0,12:33:59
0,12:34:14
0,12:34:28
0,12:34:43
0,12:34:57
0,12:35:12
0,12:35:27
0,12:35:41
0,12:35:56
0,12:36:11
0,12:36:26
0,12:36:42
0,12:36:58
0,12:37:15
0,12:37:32
0,12:37:49
0,12:38:6
0,12:38:23
0,12:38:40
0,12:38:57
0,12:39:14
0,12:39:30
0,12:39:47
0,12:40:4
0,12:40:20
0,12:40:37
0,12:40:53
0,12:41:10
0,12:41:26
0,12:41:43
0,12:41:59
0,12:42:16
0,12:42:32
0,12:42:49
0,12:43:6
0,12:43:22
0,12:43:39
0,12:43:55
0,12:44:12
0,12:44:29
0,12:44:45
0,12:45:2
0,12:45:19
0,12:45:36
0,12:45:53
0,12:46:10
0,12:46:27
0,12:46:44
0,12:47:2
0,12:47:19
0,12:47:37
0,12:47:55
0,12:48:12
0,12:48:30
0,12:48:48
0,12:49:6
0,12:49:23
0,12:49:41
0,12:49:59
0,12:50:17
0,12:50:35
0,12:50:52
0,12:51:10
0,12:51:28
0,12:51:46
0,12:52:3
0,12:52:21
0,12:52:39
0,12:52:56
0,12:53:14
0,12:53:32
0,12:53:49
0,12:54:7
0,12:54:25
0,12:54:42
0,12:55:0
0,12:55:18
0,12:55:35
0,12:55:53
0,12:56:11
0,12:56:29
0,12:56:47
0,12:57:5
0,12:57:23
0,12:57:41
0,12:57:59
0,12:58:17
0,12:58:35
0,12:58:53
0,12:59:11
0,12:59:30
0,12:59:48
0,13:0:6
0,13:0:25
0,13:0:43
0,13:1:2
0,13:1:21
0,13:1:39
0,13:1:58
0,13:2:17
0,13:2:36
0,13:2:55
0,13:3:13
0,13:3:32
0,13:3:51
0,13:4:10
0,13:4:29
0,13:4:47
0,13:5:6
0,13:5:25
0,13:5:44
0,13:6:3
0,13:6:21
0,13:6:40
0,13:6:58
0,13:7:17
0,13:7:35
0,13:7:53
0,13:8:12
0,13:8:30
0,13:8:48
0,13:9:6
0,13:9:24
0,13:9:42
0,13:10:0
0,13:10:18
0,13:10:36
0,13:10:54
0,13:11:12
0,13:11:30
0,13:11:49
0,13:12:7
0,13:12:25
0,13:12:43
0,13:13:2
0,13:13:21
0,13:13:39
0,13:13:57
0,13:14:16
0,13:14:34
0,13:14:52
0,13:15:10
0,13:15:29
0,13:15:47
0,13:16:5
0,13:16:23
0,13:16:42
0,13:17:0
0,13:17:18
0,13:17:36
0,13:17:54
0,13:18:13
0,13:18:31
0,13:18:49
0,13:19:8
0,13:19:26
0,13:19:44
0,13:20:3
0,13:20:21
0,13:20:40
0,13:20:58
0,13:21:16
0,13:21:35
0,13:21:53
0,13:22:12
0,13:22:30
0,13:22:48
0,13:23:7
0,13:23:25
0,13:23:44
0,13:24:2
0,13:24:21
0,13:24:40
0,13:24:58
0,13:25:17
0,13:25:35
0,13:25:54
0,13:26:12
0,13:26:31
0,13:26:49
0,13:27:8
0,13:27:26
0,13:27:45
0,13:28:3
0,13:28:22
0,13:28:40
0,13:28:58
0,13:29:17
0,13:29:35
0,13:29:53
0,13:30:11
0,13:30:30
0,13:30:48
0,13:31:6
0,13:31:24
0,13:31:42
0,13:32:0
0,13:32:18
0,13:32:35
0,13:32:53
0,13:33:11
0,13:33:29
0,13:33:47
0,13:34:4
0,13:34:22
0,13:34:40
0,13:34:58
0,13:35:16
0,13:35:33
0,13:35:51
0,13:36:9
0,13:36:27
0,13:36:44
0,13:37:2
0,13:37:19
0,13:37:37
0,13:37:55
0,13:38:12
0,13:38:30
0,13:38:47
0,13:39:5
0,13:39:22
0,13:39:39
0,13:39:57
0,13:40:14
0,13:40:31
0,13:40:49
0,13:41:6
0,13:41:23
0,13:41:40
0,13:41:57
0,13:42:14
0,13:42:32
0,13:42:49
0,13:43:6
0,13:43:23
0,13:43:40
0,13:43:57
0,13:44:14
0,13:44:31
0,13:44:48
0,13:45:5
0,13:45:23
0,13:45:40
0,13:45:56
0,13:46:13
0,13:46:30
0,13:46:47
0,13:47:4
0,13:47:21
0,13:47:38
0,13:47:55
0,13:48:12
0,13:48:28
0,13:48:45
0,13:49:2
0,13:49:19
0,13:49:36
0,13:49:53
0,13:50:10
0,13:50:26
0,13:50:43
0,13:51:0
0,13:51:17
0,13:51:34
0,13:51:51
0,13:52:8
0,13:52:25
0,13:52:42
0,13:52:59
0,13:53:15
0,13:53:32
0,13:53:49
0,13:54:6
0,13:54:23
0,13:54:40
0,13:54:56
0,13:55:13
0,13:55:29
0,13:55:46
0,13:56:2
0,13:56:19
0,13:56:35
0,13:56:51
0,13:57:8
0,13:57:24
0,13:57:40
0,13:57:57
0,13:58:13
0,13:58:29
0,13:58:45
0,13:59:1
0,13:59:18
0,13:59:34
0,13:59:50
0,14:0:6
0,14:0:22
0,14:0:39
0,14:0:55
0,14:1:11
0,14:1:27
0,14:1:43
0,14:1:59
0,14:2:16
0,14:2:32
0,14:2:48
0,14:3:4
0,14:3:20
0,14:3:36
0,14:3:53
0,14:4:9
0,14:4:25
0,14:4:41
0,14:4:57
0,14:5:13
0,14:5:29
0,14:5:46
0,14:6:2
0,14:6:18
0,14:6:34
0,14:6:50
0,14:7:6
0,14:7:22
0,14:7:38
0,14:7:54
0,14:8:10
0,14:8:26
0,14:8:42
0,14:8:58
0,14:9:14
0,14:9:30
0,14:9:46
0,14:10:2
0,14:10:18
0,14:10:34
0,14:10:50
0,14:11:6
0,14:11:22
0,14:11:37
0,14:11:53
0,14:12:9
0,14:12:25
0,14:12:41
0,14:12:57
0,14:13:13
0,14:13:29
0,14:13:45
0,14:14:1
0,14:14:17
0,14:14:33
0,14:14:49
0,14:15:5
0,14:15:21
0,14:15:37
0,14:15:53
0,14:16:9
0,14:16:25
0,14:16:41
0,14:16:57
0,14:17:13
0,14:17:29
0,14:17:45
0,14:18:1
0,14:18:17
0,14:18:33
0,14:18:49
0,14:19:5
0,14:19:21
0,14:19:37
0,14:19:53
0,14:20:9
0,14:20:25
0,14:20:41
0,14:20:57
0,14:21:13
0,14:21:29
0,14:21:45
0,14:22:1
0,14:22:17
0,14:22:33
0,14:22:49
0,14:23:4
0,14:23:20
0,14:23:36
0,14:23:52
0,14:24:8
0,14:24:24
0,14:24:40
0,14:24:56
0,14:25:12
0,14:25:28
0,14:25:44
0,14:26:0
0,14:26:16
0,14:26:31
0,14:26:47
0,14:27:3
0,14:27:19
0,14:27:35
0,14:27:51
0,14:28:7
0,14:28:24
0,14:28:40
0,14:28:56
0,14:29:12
0,14:29:28
0,14:29:44
0,14:30:1
0,14:30:17
0,14:30:33
0,14:30:49
0,14:31:6
0,14:31:22
0,14:31:38
0,14:31:55
0,14:32:11
0,14:32:28
0,14:32:44
0,14:33:1
0,14:33:17
0,14:33:34
0,14:33:51
0,14:34:8
0,14:34:24
0,14:34:41
0,14:34:58
0,14:35:14
0,14:35:31
0,14:35:47
0,14:36:4
0,14:36:21
0,14:36:37
0,14:36:54
0,14:37:10
0,14:37:26
0,14:37:43
0,14:37:59
0,14:38:16
0,14:38:32
0,14:38:49
0,14:39:5
0,14:39:21
0,14:39:38
0,14:39:54
0,14:40:10
0,14:40:26
0,14:40:43
0,14:40:59
0,14:41:15
0,14:41:31
0,14:41:48
0,14:42:4
0,14:42:20
0,14:42:36
0,14:42:52
0,14:43:9
0,14:43:25
0,14:43:41
0,14:43:57
0,14:44:13
0,14:44:30
0,14:44:46
0,14:45:2
0,14:45:18
0,14:45:35
0,14:45:51
0,14:46:8
0,14:46:24
0,14:46:41
0,14:46:57
0,14:47:14
0,14:47:30
0,14:47:47
0,14:48:3
0,14:48:20
0,14:48:37
0,14:48:54
0,14:49:10
0,14:49:27
0,14:49:44
0,14:50:0
0,14:50:17
0,14:50:34
0,14:50:51
0,14:51:8
0,14:51:24
0,14:51:41
0,14:51:58
0,14:52:15
0,14:52:32
0,14:52:49
0,14:53:6
0,14:53:22
0,14:53:39
0,14:53:56
0,14:54:13
0,14:54:30
0,14:54:46
0,14:55:3
0,14:55:20
0,14:55:37
0,14:55:54
0,14:56:10
0,14:56:27
0,14:56:44
0,14:57:1
0,14:57:17
0,14:57:34
0,14:57:51
0,14:58:8
0,14:58:25
0,14:58:42
0,14:58:58
0,14:59:15
0,14:59:32
0,14:59:49
0,15:0:6
0,15:0:23
0,15:0:40
0,15:0:56
0,15:1:13
0,15:1:30
0,15:1:47
0,15:2:4
0,15:2:21
0,15:2:38
0,15:2:55
0,15:3:12
0,15:3:30
0,15:3:47
0,15:4:4
0,15:4:21
0,15:4:38
0,15:4:55
0,15:5:12
0,15:5:30
0,15:5:47
0,15:6:4
0,15:6:21
0,15:6:38
0,15:6:55
0,15:7:12
0,15:7:29
0,15:7:47
0,15:8:4
0,15:8:21
0,15:8:38
0,15:8:56
0,15:9:13
0,15:9:30
0,15:9:48
0,15:10:5
0,15:10:22
0,15:10:40
0,15:10:57
0,15:11:14
0,15:11:32
0,15:11:49
0,15:12:7
0,15:12:24
0,15:12:42
0,15:12:59
0,15:13:17
0,15:13:34
0,15:13:52
0,15:14:9
0,15:14:27
0,15:14:44
0,15:15:1
0,15:15:19
0,15:15:36
0,15:15:53
0,15:16:11
0,15:16:28
0,15:16:45
0,15:17:2
0,15:17:20
0,15:17:37
0,15:17:54
0,15:18:12
0,15:18:29
0,15:18:47
0,15:19:4
0,15:19:22
0,15:19:39
0,15:19:57
0,15:20:14
0,15:20:32
0,15:20:49
0,15:21:7
0,15:21:25
0,15:21:43
0,15:22:3
0,15:22:24
0,15:22:44
0,15:23:5
0,15:23:27
0,15:23:47
0,15:24:8
0,15:24:29
0,15:24:48
0,15:25:7
0,15:25:26
0,15:25:44
0,15:26:3
0,15:26:21
0,15:26:39
0,15:26:58
0,15:27:16
0,15:27:34
0,15:27:52
0,15:28:10
0,15:28:29
0,15:28:47
0,15:29:6
0,15:29:25
0,15:29:44
0,15:30:3
0,15:30:23
0,15:30:42
0,15:31:2
0,15:31:21
0,15:31:41
0,15:32:0
0,15:32:20
0,15:32:39
0,15:32:59
0,15:33:18
0,15:33:38
0,15:33:57
0,15:34:17
0,15:34:37
0,15:34:56
0,15:35:15
0,15:35:35
0,15:35:54
0,15:36:13
0,15:36:32
0,15:36:51
0,15:37:10
0,15:37:29
0,15:37:48
0,15:38:7
0,15:38:26
0,15:38:45
0,15:39:5
0,15:39:25
0,15:39:44
0,15:40:4
0,15:40:23
0,15:40:42
0,15:41:2
0,15:41:21
0,15:41:41
0,15:42:1
0,15:42:20
0,15:42:40
0,15:42:59
0,15:43:19
0,15:43:38
0,15:43:57
0,15:44:16
0,15:44:35
0,15:44:54
0,15:45:12
0,15:45:31
0,15:45:49
0,15:46:8
0,15:46:27
0,15:46:46
0,15:47:5
0,15:47:23
0,15:47:42
0,15:48:1
0,15:48:20
0,15:48:39
0,15:48:57
0,15:49:16
0,15:49:35
0,15:49:54
0,15:50:12
0,15:50:31
0,15:50:49
0,15:51:8
0,15:51:26
0,15:51:45
0,15:52:3
0,15:52:21
0,15:52:39
0,15:52:56
0,15:53:14
0,15:53:32
0,15:53:50
0,15:54:7
0,15:54:25
0,15:54:43
0,15:55:0
0,15:55:18
0,15:55:36
0,15:55:54
0,15:56:12
0,15:56:30
0,15:56:48
0,15:57:5
0,15:57:23
0,15:57:41
0,15:57:59
0,15:58:16
0,15:58:34
0,15:58:52
0,15:59:9
0,15:59:27
0,15:59:44
0,16:0:2
0,16:0:20
0,16:0:37
0,16:0:55
0,16:1:12
0,16:1:29
0,16:1:47
0,16:2:4
0,16:2:21
0,16:2:38
0,16:2:55
0,16:3:12
0,16:3:29
0,16:3:45
0,16:4:2
0,16:4:19
0,16:4:36
0,16:4:53
0,16:5:9
0,16:5:26
0,16:5:43
0,16:6:0
0,16:6:16
0,16:6:33
0,16:6:50
0,16:7:6
0,16:7:23
0,16:7:40
0,16:7:57
0,16:8:13
0,16:8:30
0,16:8:46
0,16:9:3
0,16:9:19
0,16:9:36
0,16:9:52
0,16:10:8
0,16:10:25
0,16:10:41
0,16:10:58
0,16:11:14
0,16:11:30
0,16:11:46
0,16:12:3
0,16:12:19
0,16:12:35
0,16:12:52
0,16:13:8
0,16:13:25
0,16:13:41
0,16:13:58
0,16:14:14
0,16:14:30
0,16:14:47
0,16:15:3
0,16:15:19
0,16:15:36
0,16:15:52
0,16:16:8
0,16:16:25
0,16:16:41
0,16:16:57
0,16:17:13
0,16:17:30
0,16:17:46
0,16:18:2
0,16:18:18
0,16:18:34
0,16:18:51
0,16:19:7
0,16:19:23
0,16:19:39
0,16:19:55
0,16:20:12
0,16:20:28
0,16:20:44
0,16:21:0
0,16:21:17
0,16:21:33
0,16:21:49
0,16:22:5
0,16:22:21
0,16:22:37
0,16:22:53
0,16:23:9
0,16:23:25
0,16:23:41
0,16:23:57
0,16:24:13
0,16:24:29
0,16:24:44
0,16:25:0
0,16:25:16
0,16:25:32
0,16:25:47
0,16:26:3
0,16:26:19
0,16:26:34
0,16:26:50
0,16:27:5
0,16:27:21
0,16:27:37
0,16:27:52
0,16:28:7
0,16:28:23
0,16:28:38
0,16:28:54
0,16:29:9
0,16:29:24
0,16:29:40
0,16:29:55
0,16:30:10
0,16:30:25
0,16:30:41
0,16:30:56
0,16:31:11
0,16:31:26
0,16:31:41
0,16:31:57
0,16:32:12
0,16:32:27
0,16:32:42
0,16:32:57
0,16:33:12
0,16:33:27
0,16:33:42
0,16:33:57
0,16:34:11
0,16:34:26
0,16:34:41
0,16:34:56
0,16:35:11
0,16:35:26
0,16:35:40
0,16:35:55
0,16:36:10
0,16:36:25
0,16:36:39
0,16:36:54
0,16:37:9
0,16:37:24
0,16:37:38
0,16:37:53
0,16:38:8
0,16:38:23
0,16:38:37
0,16:38:52
0,16:39:7
0,16:39:22
0,16:39:37
0,16:39:51
0,16:40:6
0,16:40:21
0,16:40:36
0,16:40:51
0,16:41:5
0,16:41:20
0,16:41:35
0,16:41:50
0,16:42:5
0,16:42:19
0,16:42:34
0,16:42:49
0,16:43:4
0,16:43:18
0,16:43:33
0,16:43:48
0,16:44:3
0,16:44:18
0,16:44:33
0,16:44:47
0,16:45:2
0,16:45:17
0,16:45:32
0,16:45:47
0,16:46:1
0,16:46:16
0,16:46:31
0,16:46:45
0,16:47:0
0,16:47:15
0,16:47:29
0,16:47:44
0,16:47:59
0,16:48:13
0,16:48:28
0,16:48:43
0,16:48:57
0,16:49:12
0,16:49:27
0,16:49:42
0,16:49:56
0,16:50:11
0,16:50:26
0,16:50:41
0,16:50:56
0,16:51:11
0,16:51:26
0,16:51:40
0,16:51:55
0,16:52:10
0,16:52:25
0,16:52:40
0,16:52:55
0,16:53:10
0,16:53:25
0,16:53:40
0,16:53:56
0,16:54:11
0,16:54:26
0,16:54:41
0,16:54:57
0,16:55:12
0,16:55:27
0,16:55:43
0,16:55:58
0,16:56:14
0,16:56:29
0,16:56:45
0,16:57:0
0,16:57:16
0,16:57:31
0,16:57:47
0,16:58:2
0,16:58:18
0,16:58:33
0,16:58:49
0,16:59:5
0,16:59:20
0,16:59:36
0,16:59:52
0,17:0:7
0,17:0:23
0,17:0:38
0,17:0:54
0,17:1:9
0,17:1:24
0,17:1:40
0,17:1:55
0,17:2:10
0,17:2:25
0,17:2:40
0,17:2:56
0,17:3:11
0,17:3:26
0,17:3:41
0,17:3:57
0,17:4:12
0,17:4:27
0,17:4:43
0,17:4:58
0,17:5:14
0,17:5:30
0,17:5:45
0,17:6:1
0,17:6:16
0,17:6:32
0,17:6:48
0,17:7:4
0,17:7:19
0,17:7:35
0,17:7:51
0,17:8:7
0,17:8:22
0,17:8:38
0,17:8:54
0,17:9:10
0,17:9:26
0,17:9:42
0,17:9:57
0,17:10:13
0,17:10:29
0,17:10:45
0,17:11:1
0,17:11:17
0,17:11:33
0,17:11:49
0,17:12:5
0,17:12:21
0,17:12:36
0,17:12:52
0,17:13:8
0,17:13:24
0,17:13:40
0,17:13:56
0,17:14:12
0,17:14:28
0,17:14:44
0,17:14:59
0,17:15:15
0,17:15:31
0,17:15:48
0,17:16:4
0,17:16:20
0,17:16:36
0,17:16:52
0,17:17:8
0,17:17:25
0,17:17:41
0,17:17:58
0,17:18:14
0,17:18:31
0,17:18:47
0,17:19:4
0,17:19:21
0,17:19:38
0,17:19:54
0,17:20:11
0,17:20:28
0,17:20:46
0,17:21:3
0,17:21:20
0,17:21:37
0,17:21:54
0,17:22:11
0,17:22:28
0,17:22:45
0,17:23:2
0,17:23:19
0,17:23:36
0,17:23:53
0,17:24:10
0,17:24:27
0,17:24:44
0,17:25:1
0,17:25:18
0,17:25:34
0,17:25:51
0,17:26:8
0,17:26:25
0,17:26:42
0,17:26:59
0,17:27:15
0,17:27:32
0,17:27:50
0,17:28:7
0,17:28:24
0,17:28:41
0,17:28:58
0,17:29:15
0,17:29:32
0,17:29:49
0,17:30:6
0,17:30:23
0,17:30:40
0,17:30:57
0,17:31:14
0,17:31:31
0,17:31:48
0,17:32:5
0,17:32:23
0,17:32:40
0,17:32:57
0,17:33:14
0,17:33:31
0,17:33:49
0,17:34:6
0,17:34:23
0,17:34:40
0,17:34:57
0,17:35:15
0,17:35:32
0,17:35:49
0,17:36:6
0,17:36:23
0,17:36:40
0,17:36:57
0,17:37:14
0,17:37:31
0,17:37:48
0,17:38:5
0,17:38:22
0,17:38:39
0,17:38:56
0,17:39:14
0,17:39:31
0,17:39:48
0,17:40:5
0,17:40:23
0,17:40:40
0,17:40:57
0,17:41:15
0,17:41:32
0,17:41:49
0,17:42:6
0,17:42:23
0,17:42:41
0,17:42:58
0,17:43:15
0,17:43:33
0,17:43:50
0,17:44:7
0,17:44:25
0,17:44:42
0,17:44:59
0,17:45:16
0,17:45:34
0,17:45:51
0,17:46:8
0,17:46:25
0,17:46:43
0,17:47:0
0,17:47:17
0,17:47:34
0,17:47:52
0,17:48:9
0,17:48:26
0,17:48:43
0,17:49:1
0,17:49:18
0,17:49:35
0,17:49:53
0,17:50:10
0,17:50:28
0,17:50:46
0,17:51:3
0,17:51:21
0,17:51:38
0,17:51:56
0,17:52:13
0,17:52:30
0,17:52:48
0,17:53:5
0,17:53:23
0,17:53:40
0,17:53:57
0,17:54:15
0,17:54:32
0,17:54:50
0,17:55:7
0,17:55:25
0,17:55:42
0,17:55:59
0,17:56:16
0,17:56:33
0,17:56:50
0,17:57:8
0,17:57:25
0,17:57:42
0,17:57:59
0,17:58:16
0,17:58:33
0,17:58:50
0,17:59:8
0,17:59:25
0,17:59:42
0,17:59:59
0,18:0:16
0,18:0:34
0,18:0:51
0,18:1:8
0,18:1:25
0,18:1:43
0,18:2:0
0,18:2:17
0,18:2:35
0,18:2:52
0,18:3:9
0,18:3:26
0,18:3:43
0,18:4:0
0,18:4:17
0,18:4:34
0,18:4:51
0,18:5:8
0,18:5:25
0,18:5:42
0,18:5:59
0,18:6:16
0,18:6:33
0,18:6:50
0,18:7:7
0,18:7:23
0,18:7:40
0,18:7:57
0,18:8:13
0,18:8:30
0,18:8:47
0,18:9:4
0,18:9:21
0,18:9:38
0,18:9:55
0,18:10:12
0,18:10:29
0,18:10:46
0,18:11:3
0,18:11:20
0,18:11:37
0,18:11:54
0,18:12:11
0,18:12:28
0,18:12:45
0,18:13:2
0,18:13:19
0,18:13:36
0,18:13:53
0,18:14:10
0,18:14:27
0,18:14:44
0,18:15:2
0,18:15:19
0,18:15:36
0,18:15:52
0,18:16:9
0,18:16:26
0,18:16:43
0,18:16:59
0,18:17:16
0,18:17:32
0,18:17:49
0,18:18:6
0,18:18:23
0,18:18:39
0,18:18:56
0,18:19:13
0,18:19:29
0,18:19:46
0,18:20:2
0,18:20:19
0,18:20:36
0,18:20:53
0,18:21:9
0,18:21:26
0,18:21:43
0,18:22:0
0,18:22:16
0,18:22:33
0,18:22:50
0,18:23:6
0,18:23:23
0,18:23:40
0,18:23:57
0,18:24:13
0,18:24:30
0,18:24:47
0,18:25:3
0,18:25:20
0,18:25:36
0,18:25:53
0,18:26:9
0,18:26:26
0,18:26:42
0,18:26:59
0,18:27:15
0,18:27:32
0,18:27:48
0,18:28:5
0,18:28:21
0,18:28:38
0,18:28:55
0,18:29:11
0,18:29:28
0,18:29:45
0,18:30:1
0,18:30:18
0,18:30:34
0,18:30:51
0,18:31:7
0,18:31:24
0,18:31:40
0,18:31:57
0,18:32:14
0,18:32:30
0,18:32:47
0,18:33:3
0,18:33:19
0,18:33:36
0,18:33:52
0,18:34:8
0,18:34:25
0,18:34:41
0,18:34:57
0,18:35:13
0,18:35:29
0,18:35:45
0,18:36:1
0,18:36:17
0,18:36:33
0,18:36:49
0,18:37:5
0,18:37:21
0,18:37:37
0,18:37:53
0,18:38:9
0,18:38:25
0,18:38:41
0,18:38:58
0,18:39:14
0,18:39:30
0,18:39:46
0,18:40:2
0,18:40:18
0,18:40:34
0,18:40:50
0,18:41:6
0,18:41:22
0,18:41:38
0,18:41:54
0,18:42:10
0,18:42:26
0,18:42:43
0,18:42:59
0,18:43:15
0,18:43:31
0,18:43:47
0,18:44:3
0,18:44:19
0,18:44:35
0,18:44:51
0,18:45:7
0,18:45:22
0,18:45:38
0,18:45:54
0,18:46:10
0,18:46:26
0,18:46:41
0,18:46:57
0,18:47:13
0,18:47:29
0,18:47:45
0,18:48:0
0,18:48:16
0,18:48:32
0,18:48:47
0,18:49:3
0,18:49:18
0,18:49:34
0,18:49:50
0,18:50:5
0,18:50:21
0,18:50:37
0,18:50:52
0,18:51:8
0,18:51:23
0,18:51:39
0,18:51:55
0,18:52:10
0,18:52:26
0,18:52:41
0,18:52:57
0,18:53:12
0,18:53:28
0,18:53:43
0,18:53:59
0,18:54:14
0,18:54:30
0,18:54:46
0,18:55:1
0,18:55:17
0,18:55:32
0.0331355,18:55:47
0.0554918,18:56:3
0.0634011,18:56:18
0.0704273,18:56:34
0.0768348,18:56:50
0.0828838,18:57:5
0.088199,18:57:21
0.0929647,18:57:37
0.0969713,18:57:53
0.100184,18:58:9
0.103617,18:58:25
0.107912,18:58:41
0.112871,18:58:56
0.118524,18:59:12
0.0287394,18:59:28
0.147614,18:59:43
0.142044,18:59:59
0.136245,19:0:14
0.129309,19:0:30
0.1211,19:0:45
0.112005,19:1:0
0.10207,19:1:16
0.0924684,19:1:31
0.0824412,19:1:46
0.0718271,19:2:1
0.0607891,19:2:16
0.050273,19:2:32
0.0407164,19:2:47
0.0321247,19:3:2
0.0489441,19:3:17
0.30079,19:3:33
0.295217,19:3:48
0.290092,19:4:3
0.285123,19:4:18
0.280398,19:4:34
0,19:4:49
0.0161111,19:5:4
0.0201533,19:5:20
0.243109,19:5:35
0.264976,19:5:51
0.262196,19:6:6
0.257641,19:6:22
0.253137,19:6:37
0.248656,19:6:52
0.244977,19:7:8
0.242661,19:7:23
0.240818,19:7:38
0.239485,19:7:54
0.238051,19:8:9
0.236134,19:8:24
0.233711,19:8:40
0.230739,19:8:55
0.227214,19:9:11
0.223918,19:9:26
0.175164,19:9:41
0,19:9:57
0,19:10:12
0,19:10:27
0,19:10:43
0,19:10:58
0,19:11:14
0,19:11:29
0,19:11:45
0,19:12:0
0,19:12:16
0,19:12:31
0,19:12:47
0,19:13:2
0,19:13:18
0,19:13:33
0,19:13:49
0,19:14:4
0,19:14:20
0,19:14:35
0,19:14:51
0,19:15:6
0,19:15:22
0,19:15:37
0,19:15:53
0,19:16:8
0,19:16:24
0,19:16:39
0,19:16:54
0,19:17:10
0,19:17:25
0,19:17:41
0,19:17:56
0,19:18:11
0,19:18:27
0,19:18:42
0,19:18:58
0,19:19:13
0,19:19:29
0,19:19:44
0,19:20:0
0,19:20:16
0,19:20:31
0,19:20:47
0,19:21:2
0,19:21:18
0,19:21:34
0,19:21:50
0,19:22:5
0,19:22:21
0,19:22:37
0,19:22:52
0,19:23:8
0,19:23:23
0,19:23:39
0,19:23:55
0,19:24:10
0,19:24:26
0,19:24:41
0,19:24:57
0,19:25:12
0,19:25:28
0,19:25:44
0,19:25:59
0,19:26:15
0,19:26:30
0,19:26:45
0,19:27:1
0,19:27:16
0,19:27:32
0,19:27:47
0,19:28:3
0,19:28:18
0,19:28:34
0,19:28:49
0,19:29:5
0,19:29:20
0,19:29:36
0,19:29:51
0,19:30:7
0,19:30:22
0,19:30:38
0,19:30:54
0,19:31:9
0,19:31:25
0,19:31:40
0,19:31:56
0,19:32:12
0,19:32:27
0,19:32:43
0,19:32:59
0,19:33:14
0,19:33:30
0,19:33:45
0,19:34:1
0,19:34:17
0,19:34:32
0,19:34:48
0,19:35:4
0,19:35:19
0,19:35:35
0,19:35:50
0,19:36:6
0,19:36:22
0,19:36:37
0,19:36:53
0,19:37:9
0,19:37:24
0,19:37:40
0,19:37:56
0,19:38:12
0,19:38:28
0,19:38:44
0,19:39:0
0,19:39:16
0,19:39:31
0,19:39:47
0,19:40:3
0,19:40:19
0,19:40:35
0,19:40:51
0,19:41:7
0,19:41:23
0,19:41:39
0,19:41:55
0,19:42:11
0,19:42:27
0,19:42:42
0,19:42:58
0,19:43:14
0,19:43:30
0,19:43:46
0,19:44:2
0,19:44:19
0,19:44:35
0,19:44:51
0,19:45:7
0,19:45:23
0,19:45:40
0,19:45:56
0,19:46:12
0,19:46:29
0,19:46:45
0,19:47:1
0,19:47:17
0,19:47:34
0,19:47:50
0,19:48:6
0,19:48:23
0,19:48:39
0,19:48:56
0,19:49:12
0,19:49:28
0,19:49:45
0,19:50:1
0,19:50:17
0,19:50:33
0,19:50:49
0,19:51:5
0,19:51:21
0,19:51:37
0,19:51:54
0,19:52:10
0,19:52:26
0,19:52:42
0,19:52:59
0,19:53:15
0,19:53:32
0,19:53:48
0,19:54:4
0,19:54:21
0,19:54:37
0,19:54:54
0,19:55:11
0,19:55:27
0,19:55:44
0,19:56:1
0,19:56:18
0,19:56:34
0,19:56:51
0,19:57:8
0,19:57:24
0,19:57:41
0,19:57:58
0,19:58:15
0,19:58:31
0,19:58:48
0,19:59:4
0,19:59:21
0,19:59:37
0,19:59:54
0,20:0:10
0,20:0:27
0,20:0:43
0,20:0:59
0,20:1:15
0,20:1:31
0,20:1:48
0,20:2:4
0,20:2:20
0,20:2:36
0,20:2:53
0,20:3:9
0,20:3:25
0,20:3:41
0,20:3:58
0,20:4:14
0,20:4:31
0,20:4:48
0,20:5:4
0,20:5:21
0,20:5:38
0,20:5:55
0,20:6:13
0,20:6:30
0,20:6:47
0,20:7:4
0,20:7:21
0,20:7:37
0,20:7:54
0,20:8:11
0,20:8:27
0,20:8:44
0,20:9:0
0,20:9:17
0,20:9:33
0,20:9:49
0,20:10:5
0,20:10:22
0,20:10:38
0,20:10:54
0,20:11:10
0,20:11:27
0,20:11:43
0,20:11:59
0,20:12:16
0,20:12:32
0,20:12:48
0,20:13:5
0,20:13:21
0,20:13:38
0,20:13:54
0,20:14:11
0,20:14:27
0,20:14:44
0,20:15:1
0,20:15:17
0,20:15:34
0,20:15:51
0,20:16:8
0,20:16:24
0,20:16:41
0,20:16:58
0,20:17:14
0,20:17:31
0,20:17:47
0,20:18:4
0,20:18:20
0,20:18:36
0,20:18:53
0,20:19:9
0,20:19:26
0,20:19:42
0,20:19:59
0,20:20:15
0,20:20:32
0,20:20:48
0,20:21:5
0,20:21:21
0,20:21:37
0,20:21:54
0,20:22:10
0,20:22:26
0,20:22:42
0,20:22:58
0,20:23:15
0,20:23:31
0,20:23:47
0,20:24:3
0,20:24:19
0,20:24:36
0,20:24:52
0,20:25:8
0,20:25:24
0,20:25:40
0,20:25:56
0,20:26:13
0,20:26:29
0,20:26:45
0,20:27:2
0,20:27:18
0,20:27:35
0,20:27:52
0,20:28:8
0,20:28:25
0,20:28:42
0,20:28:58
0,20:29:15
0,20:29:31
0,20:29:48
0,20:30:4
0,20:30:21
0,20:30:37
0,20:30:53
0,20:31:10
0,20:31:26
0,20:31:42
0,20:31:58
0,20:32:15
0,20:32:31
0,20:32:47
0,20:33:3
0,20:33:20
0,20:33:36
0,20:33:52
0,20:34:8
0,20:34:24
0,20:34:41
0,20:34:57
0,20:35:13
0,20:35:29
0,20:35:45
0,20:36:2
0,20:36:18
0,20:36:34
0,20:36:50
0,20:37:7
0,20:37:23
0,20:37:39
0,20:37:56
0,20:38:12
0,20:38:29
0,20:38:45
0,20:39:2
0,20:39:18
0,20:39:34
0,20:39:51
0,20:40:7
0,20:40:24
0,20:40:40
0,20:40:57
0,20:41:13
0,20:41:30
0,20:41:46
0,20:42:3
0,20:42:19
0,20:42:35
0,20:42:51
0,20:43:7
0,20:43:24
0,20:43:40
0,20:43:56
0,20:44:12
0,20:44:28
0,20:44:44
0,20:45:0
0,20:45:16
0,20:45:32
0,20:45:48
0,20:46:4
0,20:46:20
0,20:46:36
0,20:46:52
0,20:47:8
0,20:47:24
0,20:47:40
0,20:47:57
0,20:48:13
0,20:48:29
0,20:48:45
0,20:49:2
0,20:49:18
0,20:49:35
0,20:49:51
0,20:50:8
0,20:50:24
0,20:50:41
0,20:50:57
0,20:51:13
0,20:51:30
0,20:51:46
0,20:52:2
0,20:52:18
0,20:52:34
0,20:52:50
0,20:53:6
0,20:53:22
0,20:53:38
0,20:53:54
0,20:54:10
0,20:54:26
0,20:54:41
0,20:54:57
0,20:55:13
0,20:55:29
0,20:55:45
0,20:56:1
0,20:56:17
0,20:56:33
0,20:56:49
0,20:57:5
0,20:57:21
0,20:57:37
0,20:57:53
0,20:58:9
0,20:58:26
0,20:58:42
0,20:58:58
0,20:59:14
0,20:59:30
0,20:59:47
0,21:0:3
0,21:0:19
0,21:0:36
0,21:0:52
0,21:1:8
0,21:1:24
0,21:1:40
0,21:1:56
0,21:2:12
0,21:2:27
0,21:2:43
0,21:2:59
0,21:3:15
0,21:3:31
0,21:3:47
0,21:4:2
0,21:4:18
0,21:4:34
0,21:4:50
0,21:5:5
0,21:5:21
0,21:5:37
0,21:5:52
0,21:6:8
0,21:6:24
0,21:6:39
0,21:6:55
0,21:7:11
0,21:7:26
0,21:7:42
0,21:7:58
0,21:8:14
0,21:8:30
0,21:8:45
0,21:9:1
0,21:9:17
0,21:9:33
0,21:9:49
0,21:10:5
0,21:10:21
0,21:10:37
0,21:10:53
0,21:11:9
0,21:11:25
0,21:11:41
0,21:11:56
0,21:12:12
0,21:12:28
0,21:12:44
0,21:13:0
0,21:13:16
0,21:13:32
0,21:13:47
0,21:14:3
0,21:14:19
0,21:14:35
0,21:14:50
0,21:15:6
0,21:15:22
0,21:15:37
0,21:15:53
0,21:16:8
0,21:16:24
0,21:16:39
0,21:16:54
0,21:17:10
0,21:17:25
0,21:17:41
0,21:17:56
0,21:18:12
0,21:18:27
0,21:18:42
0,21:18:58
0,21:19:13
0,21:19:29
0,21:19:44
0,21:20:0
0,21:20:16
0,21:20:31
0,21:20:47
0,21:21:3
0,21:21:18
0,21:21:34
0,21:21:49
0,21:22:5
0,21:22:21
0,21:22:36
0,21:22:52
0,21:23:8
0,21:23:23
0,21:23:39
0,21:23:55
0,21:24:10
0,21:24:26
0,21:24:41
0,21:24:57
0,21:25:12
0,21:25:28
0,21:25:44
0,21:25:59
0,21:26:15
0,21:26:30
0,21:26:45
0,21:27:1
0,21:27:16
0,21:27:32
0,21:27:47
0,21:28:2
0,21:28:18
0,21:28:33
0,21:28:48
0,21:29:4
0,21:29:19
0,21:29:35
0,21:29:50
0,21:30:5
0,21:30:21
0,21:30:36
0,21:30:51
0,21:31:6
0,21:31:22
0,21:31:37
0,21:31:52
0,21:32:7
0,21:32:22
0,21:32:38
0,21:32:53
0,21:33:8
0,21:33:23
0,21:33:38
0,21:33:53
0,21:34:8
0,21:34:24
0,21:34:39
0,21:34:54
0,21:35:10
0,21:35:25
0,21:35:40
0,21:35:56
0,21:36:11
0,21:36:26
0,21:36:41
0,21:36:57
0,21:37:12
0,21:37:27
0,21:37:42
0,21:37:58
0,21:38:13
0,21:38:28
0,21:38:43
0,21:38:59
0,21:39:14
0,21:39:29
0,21:39:44
0,21:40:0
0,21:40:15
0,21:40:31
0,21:40:46
0,21:41:1
0,21:41:17
0,21:41:32
0,21:41:48
0,21:42:3
0,21:42:19
0,21:42:34
0,21:42:50
0,21:43:5
0,21:43:20
0,21:43:36
0,21:43:51
0,21:44:6
0,21:44:22
0,21:44:37
0,21:44:52
0,21:45:7
0,21:45:22
0,21:45:37
0,21:45:52
0,21:46:8
0,21:46:23
0,21:46:38
0,21:46:53
0,21:47:8
0,21:47:23
0,21:47:38
0,21:47:53
0,21:48:8
0,21:48:23
0,21:48:38
0,21:48:53
0,21:49:9
0,21:49:24
0,21:49:39
0,21:49:55
0,21:50:10
0,21:50:25
0,21:50:41
0,21:50:56
0,21:51:11
0,21:51:27
0,21:51:42
0,21:51:57
0,21:52:13
0,21:52:28
0,21:52:44
0,21:52:59
0,21:53:14
0,21:53:30
0,21:53:45
0,21:54:0
0,21:54:16
0,21:54:31
0,21:54:46
0,21:55:2
0,21:55:17
0,21:55:33
0,21:55:48
0,21:56:3
0,21:56:19
0,21:56:34
0,21:56:50
0,21:57:5
0,21:57:21
0,21:57:36
0,21:57:52
0,21:58:7
0,21:58:23
0,21:58:39
0,21:58:54
0,21:59:10
0,21:59:25
0,21:59:40
0,21:59:56
0,22:0:11
0,22:0:27
0,22:0:42
0,22:0:58
0,22:1:13
0,22:1:28
0,22:1:44
0,22:1:59
0,22:2:15
0,22:2:30
0,22:2:45
0,22:3:1
0,22:3:16
0,22:3:31
0,22:3:47
0,22:4:2
0,22:4:17
0,22:4:32
0,22:4:48
0,22:5:3
0,22:5:18
0,22:5:34
0,22:5:49
0,22:6:4
0,22:6:20
0,22:6:35
0,22:6:50
0,22:7:6
0,22:7:21
0,22:7:37
0,22:7:52
0,22:8:8
0,22:8:23
0,22:8:38
0,22:8:54
0,22:9:9
0,22:9:24
0,22:9:40
0,22:9:55
0,22:10:10
0,22:10:26
0,22:10:41
0,22:10:56
0,22:11:12
0,22:11:27
0,22:11:42
0,22:11:58
0,22:12:13
0,22:12:28
0,22:12:44
0,22:12:59
0,22:13:15
0,22:13:30
0,22:13:46
0,22:14:1
0,22:14:16
0,22:14:32
0,22:14:47
0,22:15:3
0,22:15:18
0,22:15:34
0,22:15:49
0,22:16:5
0,22:16:20
0,22:16:36
0,22:16:52
0,22:17:7
0,22:17:23
0,22:17:39
0,22:17:55
0,22:18:11
0,22:18:27
0,22:18:43
0,22:18:59
0,22:19:15
0,22:19:31
0,22:19:47
0,22:20:4
0,22:20:20
0,22:20:36
0,22:20:53
0,22:21:9
0,22:21:25
0,22:21:41
0,22:21:58
0,22:22:14
0,22:22:30
0,22:22:46
0,22:23:3
0,22:23:19
0,22:23:35
0,22:23:51
0,22:24:7
0,22:24:23
0,22:24:39
0,22:24:55
0,22:25:11
0,22:25:27
0,22:25:43
0,22:25:58
0,22:26:14
0,22:26:30
0,22:26:45
0,22:27:1
0,22:27:17
0,22:27:32
0,22:27:48
0,22:28:4
0,22:28:20
0,22:28:36
0,22:28:51
0,22:29:7
0,22:29:23
0,22:29:39
0,22:29:55
0,22:30:11
0,22:30:27
0,22:30:44
0,22:31:0
0,22:31:16
0,22:31:32
0,22:31:49
0,22:32:5
0,22:32:21
0,22:32:37
0,22:32:53
0,22:33:10
0,22:33:26
0,22:33:42
0,22:33:58
0,22:34:14
0,22:34:30
0,22:34:46
0,22:35:2
0,22:35:18
0,22:35:34
0,22:35:50
0,22:36:6
0,22:36:22
0,22:36:38
0,22:36:54
0,22:37:10
0,22:37:26
0,22:37:42
0,22:37:58
0,22:38:14
0,22:38:29
0,22:38:45
0,22:39:1
0,22:39:16
0,22:39:32
0,22:39:48
0,22:40:4
0,22:40:20
0,22:40:36
0,22:40:52
0,22:41:8
0,22:41:24
0,22:41:39
0,22:41:55
0,22:42:11
0,22:42:27
0,22:42:43
0,22:42:59
0,22:43:15
0,22:43:31
0,22:43:47
0,22:44:3
0,22:44:19
0,22:44:35
0,22:44:51
0,22:45:7
0,22:45:23
0,22:45:39
0,22:45:55
0,22:46:10
0,22:46:26
0,22:46:42
0,22:46:58
0,22:47:14
0,22:47:30
0,22:47:45
0,22:48:1
0,22:48:17
0,22:48:33
0,22:48:48
0,22:49:4
0,22:49:20
0,22:49:36
0,22:49:52
0,22:50:8
0,22:50:23
0,22:50:39
0,22:50:55
0,22:51:11
0,22:51:27
0,22:51:43
0,22:51:59
0,22:52:15
0,22:52:32
0,22:52:48
0,22:53:4
0,22:53:20
0,22:53:37
0,22:53:53
0,22:54:9
0,22:54:25
0,22:54:41
0,22:54:57
0,22:55:14
0,22:55:30
0,22:55:46
0,22:56:2
0,22:56:18
0,22:56:35
0,22:56:51
0,22:57:7
0,22:57:23
0,22:57:39
0,22:57:55
0,22:58:11
0,22:58:27
0,22:58:42
0,22:58:58
0,22:59:14
0,22:59:30
0,22:59:46
0,23:0:2
0,23:0:18
0,23:0:34
0,23:0:50
0,23:1:6
0,23:1:22
0,23:1:38
0,23:1:54
0,23:2:9
0,23:2:25
0,23:2:41
0,23:2:57
0,23:3:13
0,23:3:29
0,23:3:45
0,23:4:1
0,23:4:17
0,23:4:32
0,23:4:48
0,23:5:4
0,23:5:20
0,23:5:36
0,23:5:52
0,23:6:8
0,23:6:24
0,23:6:40
0,23:6:56
0,23:7:12
0,23:7:28
0,23:7:44
0,23:8:0
0,23:8:16
0,23:8:32
0,23:8:48
0,23:9:4
0,23:9:20
0,23:9:36
0,23:9:52
0,23:10:8
0,23:10:24
0,23:10:40
0,23:10:56
0,23:11:12
0,23:11:29
0,23:11:45
0,23:12:1
0,23:12:17
0,23:12:33
0,23:12:49
0,23:13:5
0,23:13:21
0,23:13:37
0,23:13:52
0,23:14:8
0,23:14:24
0,23:14:40
0,23:14:56
0,23:15:12
0,23:15:28
0,23:15:44
0,23:16:0
0,23:16:16
0,23:16:32
0,23:16:47
0,23:17:3
0,23:17:19
0,23:17:35
0,23:17:51
0,23:18:6
0,23:18:22
0,23:18:38
0,23:18:54
0,23:19:9
0,23:19:25
0,23:19:41
0,23:19:57
0,23:20:12
0,23:20:28
0,23:20:44
0,23:20:59
0,23:21:15
0,23:21:31
0,23:21:47
0,23:22:3
0,23:22:18
0,23:22:34
0,23:22:50
0,23:23:5
0,23:23:21
0,23:23:37
0,23:23:53
0,23:24:9
0,23:24:25
0,23:24:40
0,23:24:56
0,23:25:12
0,23:25:28
0,23:25:44
0,23:25:59
0,23:26:15
0,23:26:31
0,23:26:47
0,23:27:3
0,23:27:19
0,23:27:35
0,23:27:51
0,23:28:7
0,23:28:23
0,23:28:39
0,23:28:55
0,23:29:11
0,23:29:27
0,23:29:43
0,23:29:58
0,23:30:14
0,23:30:30
0,23:30:45
0,23:31:1
0,23:31:17
0,23:31:33
0,23:31:48
0,23:32:4
0,23:32:20
0,23:32:35
0,23:32:51
0,23:33:7
0,23:33:22
0,23:33:38
0,23:33:54
0,23:34:10
0,23:34:25
0,23:34:41
0,23:34:57
0,23:35:13
0,23:35:28
0,23:35:44
0,23:36:0
0,23:36:15
0,23:36:31
0,23:36:47
0,23:37:2
0,23:37:18
0,23:37:34
0,23:37:49
0,23:38:5
0,23:38:21
0,23:38:36
0,23:38:52
0,23:39:7
0,23:39:23
0,23:39:39
0,23:39:54
0,23:40:10
0,23:40:26
0,23:40:41
0,23:40:57
0,23:41:12
0,23:41:28
0,23:41:44
0,23:41:59
0,23:42:15
0,23:42:30
0,23:42:46
0,23:43:2
0,23:43:17
0,23:43:33
0,23:43:48
0,23:44:4
0,23:44:19
0,23:44:35
0,23:44:50
0,23:45:6
0,23:45:21
0,23:45:37
0,23:45:52
0,23:46:7
0,23:46:23
0,23:46:38
0,23:46:54
0,23:47:9
0,23:47:25
0,23:47:40
0,23:47:56
0,23:48:11
0,23:48:27
0,23:48:42
0,23:48:58
0,23:49:13
0,23:49:29
0,23:49:44
0,23:49:59
0,23:50:15
0,23:50:30
0,23:50:46
0,23:51:1
0,23:51:17
0,23:51:32
0,23:51:48
0,23:52:3
0,23:52:19
0,23:52:34
0,23:52:50
0,23:53:5
0,23:53:21
0,23:53:37
0,23:53:52
0,23:54:8
0,23:54:24
0,23:54:39
0,23:54:55
0,23:55:11
0,23:55:26
0,23:55:42
0,23:55:58
0,23:56:14
0,23:56:30
0,23:56:45
0,23:57:1
0,23:57:17
0,23:57:33
0,23:57:49
0,23:58:4
0,23:58:20
0,23:58:36
0,23:58:51
0,23:59:7
