Содержание серы,Текущее время моделирования
220,0:0:0
220,0:0:18
220,0:0:36
220,0:0:55
220,0:1:13
220,0:1:31
220,0:1:49
220,0:2:8
220,0:2:26
220,0:2:44
220,0:3:2
220,0:3:20
220,0:3:38
220,0:3:56
220,0:4:14
220,0:4:32
220,0:4:50
220,0:5:8
220,0:5:26
220,0:5:44
220,0:6:3
220,0:6:21
220,0:6:39
220,0:6:57
220,0:7:15
220,0:7:33
220,0:7:51
220,0:8:9
220,0:8:28
220,0:8:46
220,0:9:4
220,0:9:22
220,0:9:40
220,0:9:58
220,0:10:16
220,0:10:34
220,0:10:52
220,0:11:11
220,0:11:29
220,0:11:47
220,0:12:5
220,0:12:23
220,0:12:41
220,0:12:59
220,0:13:17
220,0:13:36
220,0:13:54
220,0:14:12
220,0:14:30
220,0:14:48
220,0:15:7
220,0:15:25
220,0:15:44
220,0:16:3
220,0:16:22
220,0:16:41
220,0:17:0
220,0:17:19
220,0:17:39
220,0:17:58
220,0:18:18
220,0:18:37
220,0:18:57
220,0:19:16
220,0:19:35
220,0:19:55
220,0:20:14
220,0:20:33
220,0:20:52
220,0:21:11
220,0:21:30
220,0:21:48
220,0:22:7
220,0:22:26
220,0:22:45
220,0:23:3
220,0:23:22
220,0:23:40
220,0:23:59
220,0:24:17
220,0:24:36
220,0:24:55
220,0:25:14
220,0:25:33
220,0:25:51
220,0:26:10
220,0:26:30
220,0:26:49
220,0:27:10
220,0:27:30
220,0:27:50
220,0:28:11
220,0:28:31
220,0:28:52
220,0:29:12
220,0:29:32
220,0:29:53
220,0:30:13
220,0:30:33
220,0:30:54
220,0:31:15
220,0:31:35
220,0:31:56
220,0:32:17
220,0:32:37
220,0:32:58
220,0:33:19
220,0:33:40
220,0:34:1
220,0:34:22
220,0:34:42
220,0:35:3
220,0:35:24
220,0:35:45
220,0:36:5
220,0:36:26
220,0:36:47
220,0:37:8
220,0:37:29
220,0:37:51
220,0:38:13
220,0:38:36
220,0:38:59
220,0:39:22
220,0:39:45
220,0:40:8
220,0:40:31
220,0:40:53
220,0:41:16
220,0:41:38
220,0:42:0
220,0:42:22
220,0:42:44
220,0:43:6
220,0:43:27
220,0:43:48
220,0:44:9
220,0:44:30
220,0:44:51
220,0:45:11
220,0:45:32
220,0:45:53
220,0:46:13
220,0:46:34
220,0:46:54
220,0:47:14
220,0:47:35
220,0:47:56
220,0:48:16
220,0:48:37
220,0:48:58
220,0:49:19
220,0:49:40
220,0:50:2
220,0:50:23
220,0:50:45
220,0:51:8
220,0:51:31
220,0:51:54
220,0:52:17
220,0:52:41
220,0:53:4
220,0:53:27
220,0:53:50
220,0:54:13
220,0:54:35
220,0:54:58
220,0:55:20
220,0:55:42
220,0:56:4
220,0:56:26
220,0:56:48
220,0:57:10
220,0:57:32
220,0:57:54
220,0:58:16
220,0:58:38
220,0:59:1
220,0:59:23
220,0:59:45
220,1:0:8
220,1:0:31
220,1:0:53
220,1:1:15
220,1:1:37
220,1:2:0
220,1:2:22
220,1:2:45
220,1:3:8
220,1:3:30
220,1:3:53
220,1:4:16
220,1:4:39
220,1:5:2
220,1:5:24
220,1:5:47
220,1:6:10
220,1:6:33
220,1:6:56
220,1:7:19
220,1:7:42
220,1:8:5
220,1:8:28
220,1:8:50
220,1:9:13
220,1:9:36
220,1:9:58
220,1:10:20
220,1:10:43
220,1:11:5
220,1:11:28
220,1:11:51
220,1:12:14
220,1:12:37
220,1:13:0
220,1:13:23
220,1:13:47
220,1:14:10
220,1:14:32
220,1:14:55
220,1:15:18
220,1:15:40
220,1:16:3
220,1:16:25
220,1:16:47
220,1:17:10
220,1:17:32
220,1:17:55
220,1:18:17
220,1:18:40
220,1:19:3
220,1:19:26
220,1:19:49
220,1:20:13
220,1:20:36
220,1:20:59
220,1:21:22
220,1:21:44
220,1:22:7
220,1:22:29
220,1:22:52
220,1:23:14
220,1:23:36
220,1:23:58
220,1:24:19
220,1:24:41
220,1:25:3
220,1:25:24
220,1:25:46
220,1:26:7
220,1:26:28
220,1:26:50
220,1:27:11
220,1:27:33
220,1:27:54
220,1:28:16
220,1:28:38
220,1:29:0
220,1:29:21
220,1:29:43
220,1:30:5
220,1:30:26
220,1:30:48
220,1:31:9
220,1:31:30
220,1:31:51
220,1:32:12
220,1:32:33
220,1:32:54
220,1:33:15
220,1:33:36
220,1:33:57
220,1:34:18
220,1:34:39
220,1:34:59
220,1:35:20
220,1:35:40
220,1:36:0
220,1:36:21
220,1:36:41
220,1:37:1
220,1:37:21
220,1:37:41
220,1:38:1
220,1:38:21
220,1:38:41
220,1:39:1
220,1:39:21
220,1:39:41
220,1:40:0
220,1:40:20
220,1:40:40
220,1:41:0
220,1:41:20
220,1:41:40
220,1:42:0
220,1:42:20
220,1:42:40
220,1:43:0
220,1:43:19
220,1:43:39
220,1:43:59
220,1:44:19
220,1:44:39
220,1:44:58
220,1:45:18
220,1:45:37
220,1:45:57
220,1:46:16
220,1:46:35
220,1:46:55
220,1:47:14
220,1:47:33
220,1:47:52
220,1:48:11
220,1:48:31
220,1:48:50
220,1:49:9
220,1:49:28
220,1:49:47
220,1:50:6
220,1:50:25
220,1:50:44
220,1:51:3
220,1:51:22
220,1:51:41
220,1:52:0
220,1:52:19
220,1:52:38
220,1:52:56
220,1:53:15
220,1:53:34
220,1:53:52
220,1:54:11
220,1:54:29
220,1:54:48
220,1:55:6
220,1:55:25
220,1:55:43
220,1:56:2
220,1:56:20
220,1:56:38
220,1:56:57
220,1:57:15
220,1:57:34
220,1:57:52
220,1:58:10
220,1:58:29
220,1:58:47
220,1:59:5
220,1:59:24
220,1:59:42
220,2:0:1
220,2:0:19
220,2:0:37
220,2:0:56
220,2:1:14
220,2:1:33
220,2:1:51
220,2:2:9
220,2:2:28
220,2:2:46
220,2:3:5
220,2:3:23
220,2:3:41
220,2:4:0
220,2:4:18
220,2:4:37
220,2:4:55
220,2:5:14
220,2:5:32
220,2:5:50
220,2:6:9
220,2:6:27
220,2:6:45
220,2:7:3
220,2:7:22
220,2:7:40
220,2:7:58
220,2:8:16
220,2:8:34
220,2:8:52
220,2:9:11
220,2:9:29
220,2:9:47
220,2:10:6
220,2:10:24
220,2:10:42
220,2:11:0
220,2:11:19
220,2:11:37
220,2:11:55
220,2:12:14
220,2:12:32
220,2:12:51
220,2:13:9
220,2:13:28
220,2:13:46
220,2:14:5
220,2:14:23
220,2:14:42
220,2:15:1
220,2:15:20
220,2:15:39
220,2:15:57
220,2:16:16
220,2:16:35
220,2:16:54
220,2:17:12
220,2:17:31
220,2:17:50
220,2:18:9
220,2:18:28
220,2:18:47
220,2:19:6
220,2:19:25
220,2:19:44
220,2:20:2
220,2:20:22
220,2:20:40
220,2:20:59
220,2:21:18
220,2:21:37
220,2:21:56
220,2:22:15
220,2:22:33
220,2:22:52
220,2:23:11
220,2:23:29
220,2:23:48
220,2:24:7
220,2:24:26
220,2:24:44
220,2:25:3
220,2:25:22
220,2:25:41
220,2:26:0
220,2:26:19
220,2:26:38
220,2:26:57
220,2:27:16
220,2:27:35
220,2:27:54
220,2:28:13
220,2:28:33
220,2:28:52
220,2:29:12
220,2:29:32
220,2:29:52
220,2:30:12
220,2:30:32
220,2:30:52
220,2:31:13
220,2:31:33
220,2:31:54
220,2:32:15
220,2:32:35
220,2:32:56
220,2:33:17
220,2:33:38
220,2:33:59
220,2:34:20
220,2:34:40
220,2:35:1
220,2:35:22
220,2:35:43
220,2:36:3
220,2:36:24
220,2:36:45
220,2:37:6
220,2:37:26
220,2:37:47
220,2:38:8
220,2:38:29
220,2:38:50
220,2:39:11
220,2:39:32
220,2:39:54
220,2:40:15
220,2:40:37
220,2:40:59
220,2:41:22
220,2:41:44
220,2:42:6
220,2:42:28
220,2:42:50
220,2:43:12
220,2:43:34
220,2:43:56
220,2:44:17
220,2:44:39
220,2:45:0
220,2:45:21
220,2:45:43
220,2:46:4
220,2:46:26
220,2:46:48
220,2:47:10
220,2:47:32
220,2:47:54
220,2:48:17
220,2:48:40
220,2:49:3
220,2:49:26
220,2:49:48
219.588,2:50:11
218.929,2:50:34
218.264,2:50:57
217.593,2:51:19
217.593,2:51:42
216.919,2:52:5
216.24,2:52:28
214.872,2:52:51
214.185,2:53:13
213.497,2:53:36
212.804,2:53:59
212.804,2:54:21
212.108,2:54:44
212.108,2:55:7
211.408,2:55:31
210.711,2:55:54
210.019,2:56:18
209.331,2:56:42
208.642,2:57:6
207.951,2:57:29
207.258,2:57:53
206.565,2:58:17
205.873,2:58:41
205.181,2:59:5
205.181,2:59:29
204.49,2:59:53
203.107,3:0:17
201.718,3:0:41
201.021,3:1:4
199.62,3:1:27
198.913,3:1:50
197.471,3:2:12
196.739,3:2:34
196.003,3:2:56
195.261,3:3:18
194.519,3:3:40
193.778,3:4:2
193.039,3:4:24
192.305,3:4:46
192.305,3:5:8
192.305,3:5:30
191.577,3:5:53
191.577,3:6:17
190.854,3:6:40
190.133,3:7:4
189.414,3:7:27
189.414,3:7:51
188.699,3:8:15
187.276,3:8:39
186.562,3:9:3
185.843,3:9:27
185.119,3:9:51
184.391,3:10:14
183.657,3:10:38
182.917,3:11:1
182.17,3:11:25
181.414,3:11:48
180.655,3:12:12
180.655,3:12:36
180,3:13:0
180,3:13:24
180,3:13:49
180,3:14:13
180,3:14:36
180,3:15:0
180,3:15:24
180,3:15:48
180,3:16:12
180,3:16:36
180,3:17:0
180,3:17:23
180,3:17:47
180,3:18:11
180,3:18:35
180,3:18:58
180,3:19:21
180,3:19:43
180,3:20:6
180,3:20:29
180,3:20:51
180,3:21:14
180,3:21:37
180,3:22:0
180,3:22:23
180,3:22:46
180,3:23:9
180,3:23:33
180,3:23:56
180,3:24:19
180,3:24:42
180,3:25:5
180,3:25:28
180,3:25:51
180,3:26:13
180,3:26:35
180,3:26:57
180,3:27:19
180,3:27:41
180,3:28:3
180,3:28:25
180,3:28:47
180,3:29:9
180,3:29:30
180,3:29:52
180,3:30:14
180,3:30:36
180,3:30:58
180,3:31:19
180,3:31:41
180,3:32:2
180,3:32:23
180,3:32:45
180,3:33:6
180,3:33:27
180,3:33:49
180,3:34:10
180,3:34:32
180,3:34:53
180,3:35:15
180,3:35:36
180,3:35:58
180,3:36:19
180,3:36:40
180,3:37:1
180,3:37:21
180,3:37:42
180,3:38:2
180,3:38:23
180,3:38:43
180,3:39:3
180,3:39:23
180,3:39:42
180,3:40:2
180,3:40:22
180,3:40:41
180,3:41:1
180,3:41:20
180,3:41:40
180,3:41:59
180,3:42:18
180,3:42:37
180,3:42:56
180,3:43:16
180,3:43:34
180,3:43:53
180,3:44:12
180,3:44:31
180,3:44:50
180,3:45:9
180,3:45:28
180,3:45:46
180,3:46:5
180,3:46:24
180,3:46:42
180,3:47:1
180,3:47:20
180,3:47:38
180,3:47:56
180,3:48:15
180,3:48:33
180,3:48:51
180,3:49:10
180,3:49:28
180,3:49:46
180,3:50:3
180,3:50:21
180,3:50:39
180,3:50:57
180,3:51:14
180,3:51:32
180,3:51:49
180,3:52:7
180,3:52:24
180,3:52:41
180,3:52:59
180,3:53:16
180,3:53:33
180,3:53:50
180,3:54:7
180,3:54:24
180,3:54:40
180,3:54:57
180,3:55:13
180,3:55:30
180,3:55:46
180,3:56:2
180,3:56:19
180,3:56:35
180,3:56:52
180,3:57:8
180,3:57:25
180,3:57:41
180,3:57:57
180,3:58:14
180,3:58:30
180,3:58:47
180,3:59:3
180,3:59:19
180,3:59:36
180,3:59:52
180,4:0:9
180,4:0:25
180,4:0:42
180,4:0:58
180,4:1:15
180,4:1:31
180,4:1:47
180,4:2:4
180,4:2:20
180,4:2:36
180,4:2:53
180,4:3:9
180,4:3:25
180,4:3:42
180,4:3:58
180,4:4:14
180,4:4:31
180,4:4:47
180,4:5:4
180,4:5:20
180,4:5:36
180,4:5:53
180,4:6:9
180,4:6:25
180,4:6:42
180,4:6:58
180,4:7:14
180,4:7:31
180,4:7:47
180,4:8:3
180,4:8:19
180,4:8:36
180,4:8:52
180,4:9:8
180,4:9:25
180,4:9:41
180,4:9:57
180,4:10:14
180,4:10:30
180,4:10:46
180,4:11:2
180,4:11:18
180,4:11:34
180,4:11:50
180,4:12:6
180,4:12:22
180,4:12:38
180,4:12:54
180,4:13:10
180,4:13:26
180,4:13:42
180,4:13:59
180,4:14:15
180,4:14:31
180,4:14:47
180,4:15:3
180,4:15:19
180,4:15:35
180,4:15:51
180,4:16:7
180,4:16:24
180,4:16:40
180,4:16:56
180,4:17:12
180,4:17:28
180,4:17:44
180,4:18:0
180,4:18:16
180,4:18:33
180,4:18:49
180,4:19:5
180,4:19:21
180,4:19:37
180,4:19:53
180,4:20:9
180,4:20:26
180,4:20:42
180,4:20:59
180,4:21:15
180,4:21:32
180,4:21:48
180,4:22:5
180,4:22:22
180,4:22:38
180,4:22:55
180,4:23:12
180,4:23:28
180,4:23:45
180,4:24:2
180,4:24:18
180,4:24:35
180,4:24:52
180,4:25:8
180,4:25:25
180,4:25:41
180,4:25:58
180,4:26:15
180,4:26:31
180,4:26:48
180,4:27:5
180,4:27:21
180,4:27:38
180,4:27:55
180,4:28:11
180,4:28:28
180,4:28:44
180,4:29:1
180,4:29:18
180,4:29:34
180,4:29:51
180,4:30:7
180,4:30:24
180,4:30:41
180,4:30:57
180,4:31:14
180,4:31:30
180,4:31:47
180,4:32:4
180,4:32:20
180,4:32:37
180,4:32:53
180,4:33:10
180,4:33:27
180,4:33:43
180,4:34:0
180,4:34:17
180,4:34:33
180,4:34:50
180,4:35:7
180,4:35:24
180,4:35:41
180,4:35:58
180,4:36:15
180,4:36:32
180,4:36:49
180,4:37:7
180,4:37:24
180,4:37:41
180,4:37:58
180,4:38:16
180,4:38:33
180,4:38:51
180,4:39:8
180,4:39:26
180,4:39:43
180,4:40:1
180,4:40:18
180,4:40:36
180,4:40:54
180,4:41:11
180,4:41:29
180,4:41:47
180,4:42:6
180,4:42:24
180,4:42:42
180,4:43:1
180,4:43:19
180,4:43:38
180,4:43:57
180,4:44:15
180,4:44:34
180,4:44:52
180,4:45:11
180,4:45:29
180,4:45:48
180,4:46:6
180,4:46:24
180,4:46:43
180,4:47:1
180,4:47:19
180,4:47:37
180,4:47:56
180,4:48:14
180,4:48:32
180,4:48:50
180,4:49:9
180,4:49:27
180,4:49:45
180,4:50:3
180,4:50:22
180,4:50:40
180,4:50:58
180,4:51:17
180,4:51:35
180,4:51:53
180,4:52:12
180,4:52:30
180,4:52:49
180,4:53:7
180,4:53:26
180,4:53:44
180,4:54:3
180,4:54:22
180,4:54:40
180,4:54:59
180,4:55:18
180,4:55:38
180,4:55:57
180,4:56:16
180,4:56:35
180,4:56:55
180,4:57:14
180,4:57:33
180,4:57:53
180,4:58:12
180,4:58:31
180,4:58:51
180,4:59:10
180,4:59:29
180,4:59:49
180,5:0:8
180,5:0:28
180,5:0:47
180,5:1:6
180,5:1:26
180,5:1:45
180,5:2:4
180,5:2:24
180,5:2:43
180,5:3:2
180,5:3:22
180,5:3:41
180,5:4:0
180,5:4:19
180,5:4:38
180,5:4:58
180,5:5:17
180,5:5:37
180,5:5:56
180,5:6:15
180,5:6:35
180,5:6:54
180,5:7:14
180,5:7:34
180,5:7:53
180,5:8:13
180,5:8:32
180,5:8:52
180,5:9:11
180,5:9:31
180,5:9:51
180,5:10:10
180,5:10:30
180,5:10:49
180,5:11:9
180,5:11:29
180,5:11:48
180,5:12:8
180,5:12:27
180,5:12:47
180,5:13:6
180,5:13:26
180,5:13:45
180,5:14:5
180,5:14:25
180,5:14:44
180,5:15:4
180,5:15:24
180,5:15:43
180,5:16:3
180,5:16:23
180,5:16:42
180,5:17:2
180,5:17:21
180,5:17:41
180,5:18:1
180,5:18:20
180,5:18:40
180,5:18:59
180,5:19:19
180,5:19:38
180,5:19:58
180,5:20:17
180,5:20:37
180,5:20:56
180,5:21:16
180,5:21:36
180,5:21:55
180,5:22:15
180,5:22:34
180,5:22:54
180,5:23:13
180,5:23:32
180,5:23:52
180,5:24:11
180,5:24:30
180,5:24:49
180,5:25:8
180,5:25:27
180,5:25:46
180,5:26:5
180,5:26:24
180,5:26:42
180,5:27:1
180,5:27:20
180,5:27:39
180,5:27:57
180,5:28:16
180,5:28:35
180,5:28:53
180,5:29:12
180,5:29:30
180,5:29:49
180,5:30:7
180,5:30:26
180,5:30:44
180,5:31:3
180,5:31:21
180,5:31:40
180,5:31:59
180,5:32:17
180,5:32:36
180,5:32:55
180,5:33:14
180,5:33:33
180,5:33:51
180,5:34:10
180,5:34:29
180,5:34:48
180,5:35:7
180,5:35:26
180,5:35:44
180,5:36:3
180,5:36:22
180,5:36:40
180,5:36:58
180,5:37:17
180,5:37:35
180,5:37:54
180,5:38:12
180,5:38:30
180,5:38:49
180,5:39:7
180,5:39:25
180,5:39:43
180,5:40:1
180,5:40:19
180,5:40:37
180,5:40:55
180,5:41:13
180,5:41:31
180,5:41:49
180,5:42:7
180,5:42:25
180,5:42:43
180,5:43:1
180,5:43:19
180,5:43:37
180,5:43:54
180,5:44:12
180,5:44:30
180,5:44:48
180,5:45:6
180,5:45:24
180,5:45:42
180,5:45:59
180,5:46:17
180,5:46:35
180,5:46:53
180,5:47:11
180,5:47:28
180,5:47:46
180,5:48:4
180,5:48:22
180,5:48:40
180,5:48:57
180,5:49:15
180,5:49:33
180,5:49:51
180,5:50:9
180,5:50:26
180,5:50:44
180,5:51:2
180,5:51:20
180,5:51:38
180,5:51:56
180,5:52:14
180,5:52:32
180,5:52:50
180,5:53:8
180,5:53:26
180,5:53:43
180,5:54:1
180,5:54:19
180,5:54:37
180,5:54:55
180,5:55:12
180,5:55:30
180,5:55:48
180,5:56:5
180,5:56:23
180,5:56:40
180,5:56:58
180,5:57:15
180,5:57:33
180,5:57:50
180,5:58:7
180,5:58:25
180,5:58:42
180,5:58:59
180,5:59:17
180,5:59:34
180,5:59:51
180,6:0:8
180,6:0:24
180,6:0:41
180,6:0:58
180,6:1:15
180,6:1:31
180,6:1:48
180,6:2:5
180,6:2:22
180,6:2:38
180,6:2:55
180,6:3:12
180,6:3:28
180,6:3:45
180,6:4:2
180,6:4:18
180,6:4:35
180,6:4:52
180,6:5:8
180,6:5:25
180,6:5:41
180,6:5:58
180,6:6:14
180,6:6:31
180,6:6:47
180,6:7:4
180,6:7:20
180,6:7:36
180,6:7:52
180,6:8:9
180,6:8:25
180,6:8:41
180,6:8:57
180,6:9:13
180,6:9:29
180,6:9:45
180,6:10:1
180,6:10:17
180,6:10:34
180,6:10:50
180,6:11:6
180,6:11:22
180,6:11:38
180,6:11:54
180,6:12:10
180,6:12:26
180,6:12:43
180,6:12:59
180,6:13:15
180,6:13:31
180,6:13:47
180,6:14:3
180,6:14:19
180,6:14:35
180,6:14:51
180,6:15:8
180,6:15:24
180,6:15:40
180,6:15:56
180,6:16:12
180,6:16:28
180,6:16:44
180,6:17:0
180,6:17:16
180,6:17:32
180,6:17:48
180,6:18:4
180,6:18:20
180,6:18:35
180,6:18:51
180,6:19:7
180,6:19:23
180,6:19:39
180,6:19:54
180,6:20:10
180,6:20:26
180,6:20:42
180,6:20:57
180,6:21:13
180,6:21:29
180,6:21:45
180,6:22:1
180,6:22:16
180,6:22:32
180,6:22:48
180,6:23:4
180,6:23:19
180,6:23:35
180,6:23:51
180,6:24:7
180,6:24:23
180,6:24:38
180,6:24:54
180,6:25:10
180,6:25:26
180,6:25:41
180,6:25:57
180,6:26:13
180,6:26:29
180,6:26:44
180,6:27:0
180,6:27:16
180,6:27:32
180,6:27:48
180,6:28:4
180,6:28:20
180,6:28:36
180,6:28:53
180,6:29:9
180,6:29:25
180,6:29:42
180,6:29:59
180,6:30:16
180,6:30:33
180,6:30:50
180,6:31:6
180,6:31:23
180,6:31:40
180,6:31:57
180,6:32:14
180,6:32:30
180,6:32:47
180,6:33:4
180,6:33:20
180,6:33:37
180,6:33:54
180,6:34:10
180,6:34:27
180,6:34:43
180,6:35:0
180,6:35:16
180,6:35:33
180,6:35:49
180,6:36:6
180,6:36:22
180,6:36:38
180,6:36:55
180,6:37:11
180,6:37:27
180,6:37:43
180,6:37:59
180,6:38:15
180,6:38:32
180,6:38:48
180,6:39:4
180,6:39:20
180,6:39:37
180,6:39:53
180,6:40:9
180,6:40:25
180,6:40:41
180,6:40:57
180,6:41:13
180,6:41:29
180,6:41:46
180,6:42:2
180,6:42:18
180,6:42:34
180,6:42:50
180,6:43:6
180,6:43:23
180,6:43:39
180,6:43:55
180,6:44:11
180,6:44:28
180,6:44:44
180,6:45:1
180,6:45:17
180,6:45:34
180,6:45:51
180,6:46:8
180,6:46:24
180,6:46:41
180,6:46:58
180,6:47:14
180,6:47:31
180,6:47:48
180,6:48:5
180,6:48:21
180,6:48:38
180,6:48:55
180,6:49:12
180,6:49:28
180,6:49:45
180,6:50:2
180,6:50:18
180,6:50:35
180,6:50:52
180,6:51:8
180,6:51:25
180,6:51:42
180,6:51:58
180,6:52:15
180,6:52:31
180,6:52:48
180,6:53:5
180,6:53:21
180,6:53:38
180,6:53:54
180,6:54:11
180,6:54:28
180,6:54:44
180,6:55:1
180,6:55:17
180,6:55:34
180,6:55:51
180,6:56:7
180,6:56:24
180,6:56:40
180,6:56:57
180,6:57:14
180,6:57:30
180,6:57:47
180,6:58:4
180,6:58:20
180,6:58:37
180,6:58:54
180,6:59:10
180,6:59:27
180,6:59:44
180,7:0:1
180,7:0:17
180,7:0:34
180,7:0:51
180,7:1:8
180,7:1:24
180,7:1:41
180,7:1:58
180,7:2:15
180,7:2:32
180,7:2:48
180,7:3:5
180,7:3:22
180,7:3:39
180,7:3:56
180,7:4:13
180,7:4:30
180,7:4:46
180,7:5:3
180,7:5:20
180,7:5:38
180,7:5:55
180,7:6:12
180,7:6:29
180,7:6:47
180,7:7:4
180,7:7:22
180,7:7:39
180,7:7:57
180,7:8:14
180,7:8:32
180,7:8:49
180,7:9:6
180,7:9:24
180,7:9:41
180,7:9:59
180,7:10:16
180,7:10:33
180,7:10:51
180,7:11:8
180,7:11:25
180,7:11:42
180,7:11:59
180,7:12:16
180,7:12:33
180,7:12:50
180,7:13:7
180,7:13:24
180,7:13:41
180,7:13:57
180,7:14:14
180,7:14:31
180,7:14:48
180,7:15:4
180,7:15:21
180,7:15:38
180,7:15:54
180,7:16:11
180,7:16:28
180,7:16:45
180,7:17:1
180,7:17:18
180,7:17:35
180,7:17:51
180,7:18:8
180,7:18:25
180,7:18:42
180,7:18:58
180,7:19:15
180,7:19:32
180,7:19:49
180,7:20:5
180,7:20:22
180,7:20:39
180,7:20:56
180,7:21:13
180,7:21:30
180,7:21:47
180,7:22:4
180,7:22:21
180,7:22:38
180,7:22:55
180,7:23:12
180,7:23:29
180,7:23:46
180,7:24:3
180,7:24:20
180,7:24:37
180,7:24:55
180,7:25:12
180,7:25:29
180,7:25:46
180,7:26:4
180,7:26:21
180,7:26:39
180,7:26:56
180,7:27:14
180,7:27:31
180,7:27:49
180,7:28:6
180,7:28:24
180,7:28:41
180,7:28:59
180,7:29:17
180,7:29:35
180,7:29:52
180,7:30:10
180,7:30:28
180,7:30:45
180,7:31:3
180,7:31:21
180,7:31:38
180,7:31:56
180,7:32:13
180,7:32:31
180,7:32:49
180,7:33:6
180,7:33:24
180,7:33:42
180,7:34:0
180,7:34:17
180,7:34:35
180,7:34:53
180,7:35:11
180,7:35:29
180,7:35:46
180,7:36:4
180,7:36:22
180,7:36:40
180,7:36:58
180,7:37:16
180,7:37:34
180,7:37:52
180,7:38:9
180,7:38:27
180,7:38:45
180,7:39:3
180,7:39:21
180,7:39:39
180,7:39:56
180,7:40:14
180,7:40:32
180,7:40:50
180,7:41:8
180,7:41:26
180,7:41:44
180,7:42:2
180,7:42:20
180,7:42:38
180,7:42:55
180,7:43:13
180,7:43:31
180,7:43:49
180,7:44:7
180,7:44:25
180,7:44:43
180,7:45:1
180,7:45:19
180,7:45:37
180,7:45:56
180,7:46:14
180,7:46:32
180,7:46:50
180,7:47:8
180,7:47:26
180,7:47:45
180,7:48:3
180,7:48:21
180,7:48:40
180,7:48:58
180,7:49:17
180,7:49:35
180,7:49:53
180,7:50:12
180,7:50:30
180,7:50:48
180,7:51:7
180,7:51:25
180,7:51:44
180,7:52:2
180,7:52:20
180,7:52:39
180,7:52:57
180,7:53:16
180,7:53:34
180,7:53:52
180,7:54:11
180,7:54:29
180,7:54:47
180,7:55:6
180,7:55:24
180,7:55:42
180,7:56:0
180,7:56:19
180,7:56:37
180,7:56:55
180,7:57:13
180,7:57:31
180,7:57:50
180,7:58:8
180,7:58:27
180,7:58:45
180,7:59:4
180,7:59:22
180,7:59:41
180,7:59:59
180,8:0:18
180,8:0:37
180,8:0:55
180,8:1:14
180,8:1:33
180,8:1:51
180,8:2:10
180,8:2:29
180,8:2:48
180,8:3:6
180,8:3:25
180,8:3:44
180,8:4:2
180,8:4:21
180,8:4:40
180,8:4:59
180,8:5:17
180,8:5:36
180,8:5:55
180,8:6:14
180,8:6:33
180,8:6:52
180,8:7:10
180,8:7:29
180,8:7:48
180,8:8:6
180,8:8:25
180,8:8:43
180,8:9:2
180,8:9:20
180,8:9:39
180,8:9:57
180,8:10:16
180,8:10:34
180,8:10:53
180,8:11:11
180,8:11:30
180,8:11:48
180,8:12:7
180,8:12:25
180,8:12:44
180,8:13:2
180,8:13:20
180,8:13:39
180,8:13:57
180,8:14:15
180,8:14:34
180,8:14:53
180,8:15:11
180,8:15:30
180,8:15:48
180,8:16:7
180,8:16:26
180,8:16:44
180,8:17:3
180,8:17:22
180,8:17:40
180,8:17:59
180,8:18:17
180,8:18:36
180,8:18:54
180,8:19:13
180,8:19:31
180,8:19:50
180,8:20:8
180,8:20:27
180,8:20:45
180,8:21:3
180,8:21:21
180,8:21:40
180,8:21:58
180,8:22:16
180,8:22:35
180,8:22:53
180,8:23:11
180,8:23:30
180,8:23:48
180,8:24:6
180,8:24:24
180,8:24:42
180,8:25:1
180,8:25:19
180,8:25:37
180,8:25:55
180,8:26:14
180,8:26:32
180,8:26:50
180,8:27:8
180,8:27:27
180,8:27:45
180,8:28:3
180,8:28:21
180,8:28:39
180,8:28:57
180,8:29:15
180,8:29:33
180,8:29:51
180,8:30:9
180,8:30:28
180,8:30:46
180,8:31:4
180,8:31:22
180,8:31:40
180,8:31:58
180,8:32:15
180,8:32:33
180,8:32:51
180,8:33:9
180,8:33:26
180,8:33:44
180,8:34:2
180,8:34:20
180,8:34:38
180,8:34:57
180,8:35:15
180,8:35:33
180,8:35:52
180,8:36:10
180,8:36:29
180,8:36:47
180,8:37:4
180,8:37:21
180,8:37:39
180,8:37:56
180,8:38:13
180,8:38:30
180,8:38:47
180,8:39:4
180,8:39:21
180,8:39:38
180,8:39:56
180,8:40:13
180,8:40:30
180,8:40:47
180,8:41:5
180,8:41:22
180,8:41:39
180,8:41:56
180,8:42:14
180,8:42:31
180,8:42:49
180,8:43:6
180,8:43:23
180,8:43:41
180,8:43:58
180,8:44:16
180,8:44:34
180,8:44:51
180,8:45:9
180,8:45:27
180,8:45:44
180,8:46:2
180,8:46:20
180,8:46:37
180,8:46:55
180,8:47:12
180,8:47:30
180,8:47:47
180,8:48:5
180,8:48:22
180,8:48:40
180,8:48:57
180,8:49:14
180,8:49:32
180,8:49:49
180,8:50:6
180,8:50:23
180,8:50:40
180,8:50:57
180,8:51:14
180,8:51:31
180,8:51:48
180,8:52:5
180,8:52:22
180,8:52:39
180,8:52:56
180,8:53:13
180,8:53:30
180,8:53:46
180,8:54:3
180,8:54:20
180,8:54:37
180,8:54:54
180,8:55:11
180,8:55:28
180,8:55:45
180,8:56:2
180,8:56:19
180,8:56:36
180,8:56:53
180,8:57:10
180,8:57:27
180,8:57:43
180,8:58:0
180,8:58:16
180,8:58:33
180,8:58:49
180,8:59:6
180,8:59:22
180,8:59:39
180,8:59:55
180,9:0:12
180,9:0:28
180,9:0:45
180,9:1:2
180,9:1:19
180,9:1:36
180,9:1:53
180,9:2:10
180,9:2:27
180,9:2:44
180,9:3:2
180,9:3:19
180,9:3:37
180,9:3:54
180,9:4:12
180,9:4:30
180,9:4:48
180,9:5:5
180,9:5:23
180,9:5:40
180,9:5:58
180,9:6:15
180,9:6:32
180,9:6:49
180,9:7:7
180,9:7:24
180,9:7:41
180,9:7:58
180,9:8:15
180,9:8:32
180,9:8:49
180,9:9:5
180,9:9:22
180,9:9:39
180,9:9:56
180,9:10:13
180,9:10:29
180,9:10:46
180,9:11:3
180,9:11:20
180,9:11:37
180,9:11:54
180,9:12:11
180,9:12:28
180,9:12:45
180,9:13:2
180,9:13:20
180,9:13:37
180,9:13:54
180,9:14:12
180,9:14:29
180,9:14:46
180,9:15:4
180,9:15:21
180,9:15:39
180,9:15:56
180,9:16:13
180,9:16:31
180,9:16:49
180,9:17:6
180,9:17:24
180,9:17:41
180,9:17:59
180,9:18:16
180,9:18:34
180,9:18:51
180,9:19:8
180,9:19:26
180,9:19:43
180,9:20:1
180,9:20:18
180,9:20:35
180,9:20:53
180,9:21:10
180,9:21:27
180,9:21:45
180,9:22:2
180,9:22:20
180,9:22:37
180,9:22:54
180,9:23:12
180,9:23:29
180,9:23:46
180,9:24:4
180,9:24:21
180,9:24:38
180,9:24:56
180,9:25:13
180,9:25:30
180,9:25:48
180,9:26:5
180,9:26:22
180,9:26:40
180,9:26:57
180,9:27:14
180,9:27:31
180,9:27:49
180,9:28:6
180,9:28:23
180,9:28:40
180,9:28:57
180,9:29:14
180,9:29:32
180,9:29:49
180,9:30:6
180,9:30:24
180,9:30:41
180,9:30:58
180,9:31:16
180,9:31:33
180,9:31:50
180,9:32:7
180,9:32:25
180,9:32:42
180,9:32:59
180,9:33:16
180,9:33:34
180,9:33:51
180,9:34:8
180,9:34:26
180,9:34:43
180,9:35:0
180,9:35:18
180,9:35:35
180,9:35:52
180,9:36:9
180,9:36:26
180,9:36:43
180,9:37:0
180,9:37:17
180,9:37:35
180,9:37:52
180,9:38:9
180,9:38:26
180,9:38:43
180,9:39:0
180,9:39:18
180,9:39:35
180,9:39:52
180,9:40:9
180,9:40:27
180,9:40:44
180,9:41:1
180,9:41:19
180,9:41:36
180,9:41:53
180,9:42:11
180,9:42:28
180,9:42:46
180,9:43:3
180,9:43:21
180,9:43:38
180,9:43:55
180,9:44:13
180,9:44:30
180,9:44:47
180,9:45:4
180,9:45:21
180,9:45:39
180,9:45:56
180,9:46:13
180,9:46:30
180,9:46:47
180,9:47:4
180,9:47:21
180,9:47:38
180,9:47:55
180,9:48:12
180,9:48:29
180,9:48:46
180,9:49:3
180,9:49:20
180,9:49:37
180,9:49:54
180,9:50:11
180,9:50:28
180,9:50:45
180,9:51:2
180,9:51:18
180,9:51:35
180,9:51:52
180,9:52:9
180,9:52:26
180,9:52:43
180,9:53:0
180,9:53:17
180,9:53:34
180,9:53:51
180,9:54:8
180,9:54:26
180,9:54:43
180,9:55:0
180,9:55:17
180,9:55:34
180,9:55:52
180,9:56:9
180,9:56:27
180,9:56:44
180,9:57:2
180,9:57:19
180,9:57:37
180,9:57:54
180,9:58:12
180,9:58:29
180,9:58:47
180,9:59:4
180,9:59:22
180,9:59:39
180,9:59:56
180,10:0:14
180,10:0:31
180,10:0:48
180,10:1:6
180,10:1:23
180,10:1:40
180,10:1:57
180,10:2:14
180,10:2:31
180,10:2:49
180,10:3:6
180,10:3:22
180,10:3:39
180,10:3:56
180,10:4:13
180,10:4:30
180,10:4:47
180,10:5:4
180,10:5:20
180,10:5:37
180,10:5:54
180,10:6:11
180,10:6:28
180,10:6:44
180,10:7:1
180,10:7:18
180,10:7:35
180,10:7:52
180,10:8:10
180,10:8:27
180,10:8:44
180,10:9:1
180,10:9:18
180,10:9:36
180,10:9:53
180,10:10:10
180,10:10:28
180,10:10:45
180,10:11:3
180,10:11:20
180,10:11:38
180,10:11:55
180,10:12:12
180,10:12:29
180,10:12:47
180,10:13:4
180,10:13:21
180,10:13:38
180,10:13:56
180,10:14:13
180,10:14:30
180,10:14:47
180,10:15:5
180,10:15:22
180,10:15:39
180,10:15:56
180,10:16:14
180,10:16:31
180,10:16:48
180,10:17:5
180,10:17:23
180,10:17:40
180,10:17:57
180,10:18:14
180,10:18:32
180,10:18:49
180,10:19:6
180,10:19:24
180,10:19:41
180,10:19:58
180,10:20:15
180,10:20:32
180,10:20:50
180,10:21:7
180,10:21:24
180,10:21:41
180,10:21:59
180,10:22:16
180,10:22:33
180,10:22:50
180,10:23:8
180,10:23:25
180,10:23:42
180,10:24:0
180,10:24:17
180,10:24:34
180,10:24:52
180,10:25:10
180,10:25:27
180,10:25:45
180,10:26:3
180,10:26:20
180,10:26:38
180,10:26:55
180,10:27:13
180,10:27:31
180,10:27:48
180.222,10:28:6
180.51,10:28:24
180.798,10:28:41
181.085,10:28:59
181.373,10:29:17
181.661,10:29:35
181.949,10:29:52
182.237,10:30:10
182.525,10:30:28
182.812,10:30:46
183.099,10:31:3
183.385,10:31:21
183.673,10:31:38
183.961,10:31:56
184.249,10:32:14
184.538,10:32:31
184.826,10:32:49
185.113,10:33:7
185.4,10:33:24
185.687,10:33:42
185.975,10:33:59
186.262,10:34:17
186.55,10:34:35
186.837,10:34:52
187.125,10:35:10
187.413,10:35:28
187.7,10:35:46
187.986,10:36:3
188.272,10:36:21
188.559,10:36:39
188.846,10:36:57
189.135,10:37:14
189.423,10:37:32
189.712,10:37:50
190.001,10:38:8
190.29,10:38:26
190.581,10:38:43
190.874,10:39:1
191.169,10:39:19
191.465,10:39:37
191.759,10:39:54
192.052,10:40:12
192.344,10:40:30
192.637,10:40:47
192.93,10:41:5
193.225,10:41:23
193.519,10:41:40
193.519,10:41:58
193.814,10:42:16
194.109,10:42:34
194.404,10:42:52
194.699,10:43:9
194.995,10:43:27
195.29,10:43:45
195.586,10:44:3
195.881,10:44:21
196.177,10:44:39
196.472,10:44:57
196.767,10:45:15
197.061,10:45:33
197.355,10:45:52
197.649,10:46:10
197.943,10:46:28
198.238,10:46:46
198.531,10:47:4
198.825,10:47:22
199.117,10:47:40
199.41,10:47:58
199.998,10:48:15
200.293,10:48:33
200.588,10:48:51
200.883,10:49:9
201.178,10:49:26
201.474,10:49:44
201.769,10:50:2
202.065,10:50:20
202.361,10:50:37
202.657,10:50:55
202.953,10:51:13
203.249,10:51:30
203.545,10:51:48
203.841,10:52:6
204.138,10:52:23
204.138,10:52:41
204.434,10:52:59
204.731,10:53:17
205,10:53:35
205,10:53:53
205,10:54:11
205,10:54:29
205,10:54:48
205,10:55:6
205,10:55:24
205,10:55:42
205,10:56:0
205,10:56:18
205,10:56:37
205,10:56:55
205,10:57:12
205,10:57:30
205,10:57:48
205,10:58:6
205,10:58:24
205,10:58:42
205,10:58:59
205,10:59:17
205,10:59:35
205,10:59:52
205,11:0:10
205,11:0:28
205,11:0:45
205,11:1:3
205,11:1:21
205,11:1:39
205,11:1:56
205,11:2:14
205,11:2:32
205,11:2:50
205,11:3:8
205,11:3:26
205,11:3:44
205,11:4:2
205,11:4:20
205,11:4:38
205,11:4:56
205,11:5:15
205,11:5:33
205,11:5:51
205,11:6:9
205,11:6:27
205,11:6:45
205,11:7:3
205,11:7:21
205,11:7:39
205,11:7:57
205,11:8:15
205,11:8:33
205,11:8:50
205,11:9:8
205,11:9:26
205,11:9:44
205,11:10:2
205,11:10:20
205,11:10:38
205,11:10:56
205,11:11:14
205,11:11:32
205,11:11:50
205,11:12:8
205,11:12:26
205,11:12:44
205,11:13:2
205,11:13:20
205,11:13:38
205,11:13:55
205,11:14:13
205,11:14:31
205,11:14:49
205,11:15:7
205,11:15:25
205,11:15:43
205,11:16:1
205,11:16:19
205,11:16:37
205,11:16:56
205,11:17:14
205,11:17:32
205,11:17:50
205,11:18:8
205,11:18:26
205,11:18:44
205,11:19:2
205,11:19:20
205,11:19:38
205,11:19:56
205,11:20:14
205,11:20:32
205,11:20:50
205,11:21:8
205,11:21:26
205,11:21:44
205,11:22:2
205,11:22:20
205,11:22:38
205,11:22:56
205,11:23:14
205,11:23:32
205,11:23:50
205,11:24:8
205,11:24:26
205,11:24:43
205,11:25:1
205,11:25:19
205,11:25:37
205,11:25:54
205,11:26:12
205,11:26:29
205,11:26:47
205,11:27:5
205,11:27:22
205,11:27:40
205,11:27:58
205,11:28:15
205,11:28:33
205,11:28:50
205,11:29:8
205,11:29:26
205,11:29:43
205,11:30:1
205,11:30:19
205,11:30:36
205,11:30:54
205,11:31:11
205,11:31:29
205,11:31:47
205,11:32:4
205,11:32:22
205,11:32:40
205,11:32:57
205,11:33:15
205,11:33:33
205,11:33:51
205,11:34:9
205,11:34:26
205,11:34:44
205,11:35:2
205,11:35:19
205,11:35:37
205,11:35:55
205,11:36:12
205,11:36:30
205,11:36:47
205,11:37:5
205,11:37:22
205,11:37:40
205,11:37:57
205,11:38:15
205,11:38:32
205,11:38:50
205,11:39:7
205,11:39:25
205,11:39:42
205,11:40:0
205,11:40:17
205,11:40:35
205,11:40:52
205,11:41:10
205,11:41:28
205,11:41:46
205,11:42:3
205,11:42:21
205,11:42:39
205,11:42:57
205,11:43:14
205,11:43:32
205,11:43:50
205,11:44:8
205,11:44:26
205,11:44:43
205,11:45:1
205,11:45:19
205,11:45:36
205,11:45:54
205,11:46:12
205,11:46:30
205,11:46:47
205,11:47:5
205,11:47:22
205,11:47:40
205,11:47:58
205,11:48:15
205,11:48:33
205,11:48:51
205,11:49:8
205,11:49:26
205,11:49:44
205,11:50:2
205,11:50:20
205,11:50:37
205,11:50:55
205,11:51:13
205,11:51:31
205,11:51:48
205,11:52:6
205,11:52:24
205,11:52:42
205,11:53:0
205,11:53:17
205,11:53:35
205,11:53:53
205,11:54:11
205,11:54:29
205,11:54:47
205,11:55:4
205,11:55:22
205,11:55:40
205,11:55:58
205,11:56:16
205,11:56:34
205,11:56:51
205,11:57:9
205,11:57:27
205,11:57:44
205,11:58:2
205,11:58:20
205,11:58:37
205,11:58:55
205,11:59:12
205,11:59:30
205,11:59:47
205,12:0:4
205,12:0:21
205,12:0:38
205,12:0:55
205,12:1:12
205,12:1:29
205,12:1:45
205,12:2:1
205,12:2:18
205,12:2:34
205,12:2:50
205,12:3:5
205,12:3:21
205,12:3:37
205,12:3:52
205,12:4:8
205,12:4:24
205,12:4:39
205,12:4:55
205,12:5:10
205,12:5:25
205,12:5:41
205,12:5:56
205,12:6:11
205,12:6:26
205,12:6:42
205,12:6:57
205,12:7:12
205,12:7:27
205,12:7:42
205,12:7:57
205,12:8:13
205,12:8:28
205,12:8:43
205,12:8:58
205,12:9:13
205,12:9:28
205,12:9:43
205,12:9:58
205,12:10:13
205,12:10:28
205,12:10:43
205,12:10:58
205,12:11:13
205,12:11:28
205,12:11:43
205,12:11:58
205,12:12:13
205,12:12:28
205,12:12:43
205,12:12:58
205,12:13:13
205,12:13:28
205,12:13:43
205,12:13:58
205,12:14:13
205,12:14:28
205,12:14:43
205,12:14:58
205,12:15:13
205,12:15:28
205,12:15:43
205,12:15:58
205,12:16:13
205,12:16:28
205,12:16:43
205,12:16:58
205,12:17:13
205,12:17:28
205,12:17:43
205,12:17:58
205,12:18:13
205,12:18:28
205,12:18:43
205,12:18:58
205,12:19:13
205,12:19:28
205,12:19:43
205,12:19:58
205,12:20:13
205,12:20:28
205,12:20:43
205,12:20:58
205,12:21:13
205,12:21:27
205,12:21:42
205,12:21:57
205,12:22:12
205,12:22:27
205,12:22:42
205,12:22:57
205,12:23:12
205,12:23:27
205,12:23:41
205,12:23:56
205,12:24:11
205,12:24:26
205,12:24:41
205,12:24:56
205,12:25:11
205,12:25:25
205,12:25:40
205,12:25:55
205,12:26:10
205,12:26:24
205,12:26:39
205,12:26:54
205,12:27:9
205,12:27:23
205,12:27:38
205,12:27:53
205,12:28:8
205,12:28:22
205,12:28:37
205,12:28:51
205,12:29:6
205,12:29:21
205,12:29:35
205,12:29:50
205,12:30:5
205,12:30:19
205,12:30:34
205,12:30:49
205,12:31:3
205,12:31:18
205,12:31:33
205,12:31:47
205,12:32:2
205,12:32:17
205,12:32:31
205,12:32:46
205,12:33:0
205,12:33:15
205,12:33:30
205,12:33:44
205,12:33:59
205,12:34:14
205,12:34:28
205,12:34:43
205,12:34:57
205,12:35:12
205,12:35:27
205,12:35:41
205,12:35:56
205,12:36:11
205,12:36:26
205,12:36:42
205,12:36:58
205,12:37:15
205,12:37:32
205,12:37:49
205,12:38:6
205,12:38:23
205,12:38:40
205,12:38:57
205,12:39:14
205,12:39:30
205,12:39:47
205,12:40:4
205,12:40:20
205,12:40:37
205,12:40:53
205,12:41:10
205,12:41:26
205,12:41:43
205,12:41:59
205,12:42:16
205,12:42:32
205,12:42:49
205,12:43:6
205,12:43:22
205,12:43:39
205,12:43:55
205,12:44:12
205,12:44:29
205,12:44:45
205,12:45:2
205,12:45:19
205,12:45:36
205,12:45:53
205,12:46:10
205,12:46:27
205,12:46:44
205,12:47:2
205,12:47:19
205,12:47:37
205,12:47:55
205,12:48:12
205,12:48:30
205,12:48:48
205,12:49:6
205,12:49:23
205,12:49:41
205,12:49:59
205,12:50:17
205,12:50:35
205,12:50:52
205,12:51:10
205,12:51:28
205,12:51:46
205,12:52:3
205,12:52:21
205,12:52:39
205,12:52:56
205,12:53:14
205,12:53:32
205,12:53:49
205,12:54:7
205,12:54:25
205,12:54:42
205,12:55:0
205,12:55:18
205,12:55:35
205,12:55:53
205,12:56:11
205,12:56:29
205,12:56:47
205,12:57:5
205,12:57:23
205,12:57:41
205,12:57:59
205,12:58:17
205,12:58:35
205,12:58:53
205,12:59:11
205,12:59:30
205,12:59:48
205,13:0:6
205,13:0:25
205,13:0:43
205,13:1:2
205,13:1:21
205,13:1:39
205,13:1:58
205,13:2:17
205,13:2:36
205,13:2:55
205,13:3:13
205,13:3:32
205,13:3:51
205,13:4:10
205,13:4:29
205,13:4:47
205,13:5:6
205,13:5:25
205,13:5:44
205,13:6:3
205,13:6:21
205,13:6:40
205,13:6:58
205,13:7:17
205,13:7:35
205,13:7:53
205,13:8:12
205,13:8:30
205,13:8:48
205,13:9:6
205,13:9:24
205,13:9:42
205,13:10:0
205,13:10:18
205,13:10:36
205,13:10:54
205,13:11:12
205,13:11:30
205,13:11:49
205,13:12:7
205,13:12:25
205,13:12:43
205,13:13:2
205,13:13:21
205,13:13:39
205,13:13:57
205,13:14:16
205,13:14:34
205,13:14:52
205,13:15:10
205,13:15:29
205,13:15:47
205,13:16:5
205,13:16:23
205,13:16:42
205,13:17:0
205,13:17:18
205,13:17:36
205,13:17:54
205,13:18:13
205,13:18:31
205,13:18:49
205,13:19:8
205,13:19:26
205,13:19:44
205,13:20:3
205,13:20:21
205,13:20:40
205,13:20:58
205,13:21:16
205,13:21:35
205,13:21:53
205,13:22:12
205,13:22:30
205,13:22:48
205,13:23:7
205,13:23:25
205,13:23:44
205,13:24:2
205,13:24:21
205,13:24:40
205,13:24:58
205,13:25:17
205,13:25:35
205,13:25:54
205,13:26:12
205,13:26:31
205,13:26:49
205,13:27:8
205,13:27:26
205,13:27:45
205,13:28:3
205,13:28:22
205,13:28:40
205,13:28:58
205,13:29:17
205,13:29:35
205,13:29:53
205,13:30:11
205,13:30:30
205,13:30:48
205,13:31:6
205,13:31:24
205,13:31:42
205,13:32:0
205,13:32:18
205,13:32:35
205,13:32:53
205,13:33:11
205,13:33:29
205,13:33:47
205,13:34:4
205,13:34:22
205,13:34:40
205,13:34:58
205,13:35:16
205,13:35:33
205,13:35:51
205,13:36:9
205,13:36:27
205,13:36:44
205,13:37:2
205,13:37:19
205,13:37:37
205,13:37:55
205,13:38:12
205,13:38:30
205,13:38:47
205,13:39:5
205,13:39:22
205,13:39:39
205,13:39:57
205,13:40:14
205,13:40:31
205,13:40:49
205,13:41:6
205,13:41:23
205,13:41:40
205,13:41:57
205,13:42:14
205,13:42:32
205,13:42:49
205,13:43:6
205,13:43:23
205,13:43:40
205,13:43:57
205,13:44:14
205,13:44:31
205,13:44:48
205,13:45:5
205,13:45:23
205,13:45:40
205,13:45:56
205,13:46:13
205,13:46:30
205,13:46:47
205,13:47:4
205,13:47:21
205,13:47:38
205,13:47:55
205,13:48:12
205,13:48:28
205,13:48:45
205,13:49:2
205,13:49:19
205,13:49:36
205,13:49:53
205,13:50:10
205,13:50:26
205,13:50:43
205,13:51:0
205,13:51:17
205,13:51:34
205,13:51:51
205,13:52:8
205,13:52:25
205,13:52:42
205,13:52:59
205,13:53:15
205,13:53:32
205,13:53:49
205,13:54:6
205,13:54:23
205,13:54:40
205,13:54:56
205,13:55:13
205,13:55:29
205,13:55:46
205,13:56:2
205,13:56:19
205,13:56:35
205,13:56:51
205,13:57:8
205,13:57:24
205,13:57:40
205,13:57:57
205,13:58:13
205,13:58:29
205,13:58:45
205,13:59:1
205,13:59:18
205,13:59:34
205,13:59:50
205,14:0:6
205,14:0:22
205,14:0:39
205,14:0:55
205,14:1:11
205,14:1:27
205,14:1:43
205,14:1:59
205,14:2:16
205,14:2:32
205,14:2:48
205,14:3:4
205,14:3:20
205,14:3:36
205,14:3:53
205,14:4:9
205,14:4:25
205,14:4:41
205,14:4:57
205,14:5:13
205,14:5:29
205,14:5:46
205,14:6:2
205,14:6:18
205,14:6:34
205,14:6:50
205,14:7:6
205,14:7:22
205,14:7:38
205,14:7:54
205,14:8:10
205,14:8:26
205,14:8:42
205,14:8:58
205,14:9:14
205,14:9:30
205,14:9:46
205,14:10:2
205,14:10:18
205,14:10:34
205,14:10:50
205,14:11:6
205,14:11:22
205,14:11:37
205,14:11:53
205,14:12:9
205,14:12:25
205,14:12:41
205,14:12:57
205,14:13:13
205,14:13:29
205,14:13:45
205,14:14:1
205,14:14:17
205,14:14:33
205,14:14:49
205,14:15:5
205,14:15:21
205,14:15:37
205,14:15:53
205,14:16:9
205,14:16:25
205,14:16:41
205,14:16:57
205,14:17:13
205,14:17:29
205,14:17:45
205,14:18:1
205,14:18:17
205,14:18:33
205,14:18:49
205,14:19:5
205,14:19:21
205,14:19:37
205,14:19:53
205,14:20:9
205,14:20:25
205,14:20:41
205,14:20:57
205,14:21:13
205,14:21:29
205,14:21:45
205,14:22:1
205,14:22:17
205,14:22:33
205,14:22:49
205,14:23:4
205,14:23:20
205,14:23:36
205,14:23:52
205,14:24:8
205,14:24:24
205,14:24:40
205,14:24:56
205,14:25:12
205,14:25:28
205,14:25:44
205,14:26:0
205,14:26:16
205,14:26:31
205,14:26:47
205,14:27:3
205,14:27:19
205,14:27:35
205,14:27:51
205,14:28:7
205,14:28:24
205,14:28:40
205,14:28:56
205,14:29:12
205,14:29:28
205,14:29:44
205,14:30:1
205,14:30:17
205,14:30:33
205,14:30:49
205,14:31:6
205,14:31:22
205,14:31:38
205,14:31:55
205,14:32:11
205,14:32:28
205,14:32:44
205,14:33:1
205,14:33:17
205,14:33:34
205,14:33:51
205,14:34:8
205,14:34:24
205,14:34:41
205,14:34:58
205,14:35:14
205,14:35:31
205,14:35:47
205,14:36:4
205,14:36:21
205,14:36:37
205,14:36:54
205,14:37:10
205,14:37:26
205,14:37:43
205,14:37:59
205,14:38:16
205,14:38:32
205,14:38:49
205,14:39:5
205,14:39:21
205,14:39:38
205,14:39:54
205,14:40:10
205,14:40:26
205,14:40:43
205,14:40:59
205,14:41:15
205,14:41:31
205,14:41:48
205,14:42:4
205,14:42:20
205,14:42:36
205,14:42:52
205,14:43:9
205,14:43:25
205,14:43:41
205,14:43:57
205,14:44:13
205,14:44:30
205,14:44:46
205,14:45:2
205,14:45:18
205,14:45:35
205,14:45:51
205,14:46:8
205,14:46:24
205,14:46:41
205,14:46:57
205,14:47:14
205,14:47:30
205,14:47:47
205,14:48:3
205,14:48:20
205,14:48:37
205,14:48:54
205,14:49:10
205,14:49:27
205,14:49:44
205,14:50:0
205,14:50:17
205,14:50:34
205,14:50:51
205,14:51:8
205,14:51:24
205,14:51:41
205,14:51:58
205,14:52:15
205,14:52:32
205,14:52:49
205,14:53:6
205,14:53:22
205,14:53:39
205,14:53:56
205,14:54:13
205,14:54:30
205,14:54:46
205,14:55:3
205,14:55:20
205,14:55:37
205,14:55:54
205,14:56:10
205,14:56:27
205,14:56:44
205,14:57:1
205,14:57:17
205,14:57:34
205,14:57:51
205,14:58:8
205,14:58:25
205,14:58:42
205,14:58:58
205,14:59:15
205,14:59:32
205,14:59:49
205,15:0:6
205,15:0:23
205,15:0:40
205,15:0:56
205,15:1:13
205,15:1:30
205,15:1:47
205,15:2:4
205,15:2:21
205,15:2:38
205,15:2:55
205,15:3:12
205,15:3:30
205,15:3:47
205,15:4:4
205,15:4:21
205,15:4:38
205,15:4:55
205,15:5:12
205,15:5:30
205,15:5:47
205,15:6:4
205,15:6:21
205,15:6:38
205,15:6:55
205,15:7:12
205,15:7:29
205,15:7:47
205,15:8:4
205,15:8:21
205,15:8:38
205,15:8:56
205,15:9:13
205,15:9:30
205,15:9:48
205,15:10:5
205,15:10:22
205,15:10:40
205,15:10:57
205,15:11:14
205,15:11:32
205,15:11:49
205,15:12:7
205,15:12:24
205,15:12:42
205,15:12:59
205,15:13:17
205,15:13:34
205,15:13:52
205,15:14:9
205,15:14:27
205,15:14:44
205,15:15:1
205,15:15:19
205,15:15:36
205,15:15:53
205,15:16:11
205,15:16:28
205,15:16:45
205,15:17:2
205,15:17:20
205,15:17:37
205,15:17:54
205,15:18:12
205,15:18:29
205,15:18:47
205,15:19:4
205,15:19:22
205,15:19:39
205,15:19:57
205,15:20:14
205,15:20:32
205,15:20:49
205,15:21:7
205,15:21:25
205,15:21:43
205,15:22:3
205,15:22:24
205,15:22:44
205,15:23:5
205,15:23:27
205,15:23:47
205,15:24:8
205,15:24:29
205,15:24:48
205,15:25:7
205,15:25:26
205,15:25:44
205,15:26:3
205,15:26:21
205,15:26:39
205,15:26:58
205,15:27:16
205,15:27:34
205,15:27:52
205,15:28:10
205,15:28:29
205,15:28:47
205,15:29:6
205,15:29:25
205,15:29:44
205,15:30:3
205,15:30:23
205,15:30:42
205,15:31:2
205,15:31:21
205,15:31:41
205,15:32:0
205,15:32:20
205,15:32:39
205,15:32:59
205,15:33:18
205,15:33:38
205,15:33:57
205,15:34:17
205,15:34:37
205,15:34:56
205,15:35:15
205,15:35:35
205,15:35:54
205,15:36:13
205,15:36:32
205,15:36:51
205,15:37:10
205,15:37:29
205,15:37:48
205,15:38:7
205,15:38:26
205,15:38:45
205,15:39:5
205,15:39:25
205,15:39:44
205,15:40:4
205,15:40:23
205,15:40:42
205,15:41:2
205,15:41:21
205,15:41:41
205,15:42:1
205,15:42:20
205,15:42:40
205,15:42:59
205,15:43:19
205,15:43:38
205,15:43:57
205,15:44:16
205,15:44:35
205,15:44:54
205,15:45:12
205,15:45:31
205,15:45:49
205,15:46:8
205,15:46:27
205,15:46:46
205,15:47:5
205,15:47:23
205,15:47:42
205,15:48:1
205,15:48:20
205,15:48:39
205,15:48:57
205,15:49:16
205,15:49:35
205,15:49:54
205,15:50:12
205,15:50:31
205,15:50:49
205,15:51:8
205,15:51:26
205,15:51:45
205,15:52:3
205,15:52:21
205,15:52:39
205,15:52:56
205,15:53:14
205,15:53:32
205,15:53:50
205,15:54:7
205,15:54:25
205,15:54:43
205,15:55:0
205,15:55:18
205,15:55:36
205,15:55:54
205,15:56:12
205,15:56:30
205,15:56:48
205,15:57:5
205,15:57:23
205,15:57:41
205,15:57:59
205,15:58:16
205,15:58:34
205,15:58:52
205,15:59:9
205,15:59:27
205,15:59:44
205,16:0:2
205,16:0:20
205,16:0:37
205,16:0:55
205,16:1:12
205,16:1:29
205,16:1:47
205,16:2:4
205,16:2:21
205,16:2:38
205,16:2:55
205,16:3:12
205,16:3:29
205,16:3:45
205,16:4:2
205,16:4:19
205,16:4:36
205,16:4:53
205,16:5:9
205,16:5:26
205,16:5:43
205,16:6:0
205,16:6:16
205,16:6:33
205,16:6:50
205,16:7:6
205,16:7:23
205,16:7:40
205,16:7:57
205,16:8:13
205,16:8:30
205,16:8:46
205,16:9:3
205,16:9:19
205,16:9:36
205,16:9:52
205,16:10:8
205,16:10:25
205,16:10:41
205,16:10:58
205,16:11:14
205,16:11:30
205,16:11:46
205,16:12:3
205,16:12:19
205,16:12:35
205,16:12:52
205,16:13:8
205,16:13:25
205,16:13:41
205,16:13:58
205,16:14:14
205,16:14:30
205,16:14:47
205,16:15:3
205,16:15:19
205,16:15:36
205,16:15:52
205,16:16:8
205,16:16:25
205,16:16:41
205,16:16:57
205,16:17:13
205,16:17:30
205,16:17:46
205,16:18:2
205,16:18:18
205,16:18:34
205,16:18:51
205,16:19:7
205,16:19:23
205,16:19:39
205,16:19:55
205,16:20:12
205,16:20:28
205,16:20:44
205,16:21:0
205,16:21:17
205,16:21:33
205,16:21:49
205,16:22:5
205,16:22:21
205,16:22:37
205,16:22:53
205,16:23:9
205,16:23:25
205,16:23:41
205,16:23:57
205,16:24:13
205,16:24:29
205,16:24:44
205,16:25:0
205,16:25:16
205,16:25:32
205,16:25:47
205,16:26:3
205,16:26:19
205,16:26:34
205,16:26:50
205,16:27:5
205,16:27:21
205,16:27:37
205,16:27:52
205,16:28:7
205,16:28:23
205,16:28:38
205,16:28:54
205,16:29:9
205,16:29:24
205,16:29:40
205,16:29:55
205,16:30:10
205,16:30:25
205,16:30:41
205,16:30:56
205,16:31:11
205,16:31:26
205,16:31:41
205,16:31:57
205,16:32:12
205,16:32:27
205,16:32:42
205,16:32:57
205,16:33:12
205,16:33:27
205,16:33:42
205,16:33:57
205,16:34:11
205,16:34:26
205,16:34:41
205,16:34:56
205,16:35:11
205,16:35:26
205,16:35:40
205,16:35:55
205,16:36:10
205,16:36:25
205,16:36:39
205,16:36:54
205,16:37:9
205,16:37:24
205,16:37:38
205,16:37:53
205,16:38:8
205,16:38:23
205,16:38:37
205,16:38:52
205,16:39:7
205,16:39:22
205,16:39:37
205,16:39:51
205,16:40:6
205,16:40:21
205,16:40:36
205,16:40:51
205,16:41:5
205,16:41:20
205,16:41:35
205,16:41:50
205,16:42:5
205,16:42:19
205,16:42:34
205,16:42:49
205,16:43:4
205,16:43:18
205,16:43:33
205,16:43:48
205,16:44:3
205,16:44:18
205,16:44:33
205,16:44:47
205,16:45:2
205,16:45:17
205,16:45:32
205,16:45:47
205,16:46:1
205,16:46:16
205,16:46:31
205,16:46:45
205,16:47:0
205,16:47:15
205,16:47:29
205,16:47:44
205,16:47:59
205,16:48:13
205,16:48:28
205,16:48:43
205,16:48:57
205,16:49:12
205,16:49:27
205,16:49:42
205,16:49:56
205,16:50:11
205,16:50:26
205,16:50:41
205,16:50:56
205,16:51:11
205,16:51:26
205,16:51:40
205,16:51:55
205,16:52:10
205,16:52:25
205,16:52:40
205,16:52:55
205,16:53:10
205,16:53:25
205,16:53:40
205,16:53:56
205,16:54:11
205,16:54:26
205,16:54:41
205,16:54:57
205,16:55:12
205,16:55:27
205,16:55:43
205,16:55:58
205,16:56:14
205,16:56:29
205,16:56:45
205,16:57:0
205,16:57:16
205,16:57:31
205,16:57:47
205,16:58:2
205,16:58:18
205,16:58:33
205,16:58:49
205,16:59:5
205,16:59:20
205,16:59:36
205,16:59:52
205,17:0:7
205,17:0:23
205,17:0:38
205,17:0:54
205,17:1:9
205,17:1:24
205,17:1:40
205,17:1:55
205,17:2:10
205,17:2:25
205,17:2:40
205,17:2:56
205,17:3:11
205,17:3:26
205,17:3:41
205,17:3:57
205,17:4:12
205,17:4:27
205,17:4:43
205,17:4:58
205,17:5:14
205,17:5:30
205,17:5:45
205,17:6:1
205,17:6:16
205,17:6:32
205,17:6:48
205,17:7:4
205,17:7:19
205,17:7:35
205,17:7:51
205,17:8:7
205,17:8:22
205,17:8:38
205,17:8:54
205,17:9:10
205,17:9:26
205,17:9:42
205,17:9:57
205,17:10:13
205,17:10:29
205,17:10:45
205,17:11:1
205,17:11:17
205,17:11:33
205,17:11:49
205,17:12:5
205,17:12:21
205,17:12:36
205,17:12:52
205,17:13:8
205,17:13:24
205,17:13:40
205,17:13:56
205,17:14:12
205,17:14:28
205,17:14:44
205,17:14:59
205,17:15:15
205,17:15:31
205,17:15:48
205,17:16:4
205,17:16:20
205,17:16:36
205,17:16:52
205,17:17:8
205,17:17:25
205,17:17:41
205,17:17:58
205,17:18:14
205,17:18:31
205,17:18:47
205,17:19:4
205,17:19:21
205,17:19:38
205,17:19:54
205,17:20:11
205,17:20:28
205,17:20:46
205,17:21:3
205,17:21:20
205,17:21:37
205,17:21:54
205,17:22:11
205,17:22:28
205,17:22:45
205,17:23:2
205,17:23:19
205,17:23:36
205,17:23:53
205,17:24:10
205,17:24:27
205,17:24:44
205,17:25:1
205,17:25:18
205,17:25:34
205,17:25:51
205,17:26:8
205,17:26:25
205,17:26:42
205,17:26:59
205,17:27:15
205,17:27:32
205,17:27:50
205,17:28:7
205,17:28:24
205,17:28:41
205,17:28:58
205,17:29:15
205,17:29:32
205,17:29:49
205,17:30:6
205,17:30:23
205,17:30:40
205,17:30:57
205,17:31:14
205,17:31:31
205,17:31:48
205,17:32:5
205,17:32:23
205,17:32:40
205,17:32:57
205,17:33:14
205,17:33:31
205,17:33:49
205,17:34:6
205,17:34:23
205,17:34:40
205,17:34:57
205,17:35:15
205,17:35:32
205,17:35:49
205,17:36:6
205,17:36:23
205,17:36:40
205,17:36:57
205,17:37:14
205,17:37:31
205,17:37:48
205,17:38:5
205,17:38:22
205,17:38:39
205,17:38:56
205,17:39:14
205,17:39:31
205,17:39:48
205,17:40:5
205,17:40:23
205,17:40:40
205,17:40:57
205,17:41:15
205,17:41:32
205,17:41:49
205,17:42:6
205,17:42:23
205,17:42:41
205,17:42:58
205,17:43:15
205,17:43:33
205,17:43:50
205,17:44:7
205,17:44:25
205,17:44:42
205,17:44:59
205,17:45:16
205,17:45:34
205,17:45:51
205,17:46:8
205,17:46:25
205,17:46:43
205,17:47:0
205,17:47:17
205,17:47:34
205,17:47:52
205,17:48:9
205,17:48:26
205,17:48:43
205,17:49:1
205,17:49:18
205,17:49:35
205,17:49:53
205,17:50:10
205,17:50:28
205,17:50:46
205,17:51:3
205,17:51:21
205,17:51:38
205,17:51:56
205,17:52:13
205,17:52:30
205,17:52:48
205,17:53:5
205,17:53:23
205,17:53:40
205,17:53:57
205,17:54:15
205,17:54:32
205,17:54:50
205,17:55:7
205,17:55:25
205,17:55:42
205,17:55:59
205,17:56:16
205,17:56:33
205,17:56:50
205,17:57:8
205,17:57:25
205,17:57:42
205,17:57:59
205,17:58:16
205,17:58:33
205,17:58:50
205,17:59:8
205,17:59:25
205,17:59:42
205,17:59:59
205,18:0:16
205,18:0:34
205,18:0:51
205,18:1:8
205,18:1:25
205,18:1:43
205,18:2:0
205,18:2:17
205,18:2:35
205,18:2:52
205,18:3:9
205,18:3:26
205,18:3:43
205,18:4:0
205,18:4:17
205,18:4:34
205,18:4:51
205,18:5:8
205,18:5:25
205,18:5:42
205,18:5:59
205,18:6:16
205,18:6:33
205,18:6:50
205,18:7:7
205,18:7:23
205,18:7:40
205,18:7:57
205,18:8:13
205,18:8:30
205,18:8:47
205,18:9:4
205,18:9:21
205,18:9:38
205,18:9:55
205,18:10:12
205,18:10:29
205,18:10:46
205,18:11:3
205,18:11:20
205,18:11:37
205,18:11:54
205,18:12:11
205,18:12:28
205,18:12:45
205,18:13:2
205,18:13:19
205,18:13:36
205,18:13:53
205,18:14:10
205,18:14:27
205,18:14:44
205,18:15:2
205,18:15:19
205,18:15:36
205,18:15:52
205,18:16:9
205,18:16:26
205,18:16:43
205,18:16:59
205,18:17:16
205,18:17:32
205,18:17:49
205,18:18:6
205,18:18:23
205,18:18:39
205,18:18:56
205,18:19:13
205,18:19:29
205,18:19:46
205,18:20:2
205,18:20:19
205,18:20:36
205,18:20:53
205,18:21:9
205,18:21:26
205,18:21:43
205,18:22:0
205,18:22:16
205,18:22:33
205,18:22:50
205,18:23:6
205,18:23:23
205,18:23:40
205,18:23:57
205,18:24:13
205,18:24:30
205,18:24:47
205,18:25:3
205,18:25:20
205,18:25:36
205,18:25:53
205,18:26:9
205,18:26:26
205,18:26:42
205,18:26:59
205,18:27:15
205,18:27:32
205,18:27:48
205,18:28:5
205,18:28:21
205,18:28:38
205,18:28:55
205,18:29:11
205,18:29:28
205,18:29:45
205,18:30:1
205,18:30:18
205,18:30:34
205,18:30:51
205,18:31:7
205,18:31:24
205,18:31:40
205,18:31:57
205,18:32:14
205,18:32:30
205,18:32:47
205,18:33:3
205,18:33:19
205,18:33:36
205,18:33:52
205,18:34:8
205,18:34:25
205,18:34:41
205,18:34:57
205,18:35:13
205,18:35:29
205,18:35:45
205,18:36:1
205,18:36:17
205,18:36:33
205,18:36:49
205,18:37:5
205,18:37:21
205,18:37:37
205,18:37:53
205,18:38:9
205,18:38:25
205,18:38:41
205,18:38:58
205,18:39:14
205,18:39:30
205,18:39:46
205,18:40:2
205,18:40:18
205,18:40:34
204.606,18:40:50
204.051,18:41:6
203.498,18:41:22
202.946,18:41:38
202.396,18:41:54
201.845,18:42:10
201.293,18:42:26
200.74,18:42:43
200.188,18:42:59
199.635,18:43:15
199.083,18:43:31
198.532,18:43:47
197.982,18:44:3
197.433,18:44:19
196.34,18:44:35
195.794,18:44:51
195.249,18:45:7
194.704,18:45:22
194.161,18:45:38
193.622,18:45:54
193.086,18:46:10
192.554,18:46:26
192.02,18:46:41
191.486,18:46:57
190.949,18:47:13
190.411,18:47:29
189.875,18:47:45
189.34,18:48:0
188.806,18:48:16
187.739,18:48:32
187.205,18:48:47
186.67,18:49:3
186.135,18:49:18
185.6,18:49:34
185.6,18:49:50
185.066,18:50:5
184.532,18:50:21
183.46,18:50:37
182.921,18:50:52
182.381,18:51:8
181.844,18:51:23
181.309,18:51:39
180.777,18:51:55
180.245,18:52:10
179.712,18:52:26
179.177,18:52:41
178.64,18:52:57
178.103,18:53:12
177.566,18:53:28
177.03,18:53:43
176.494,18:53:59
175.959,18:54:14
175.424,18:54:30
175,18:54:46
175,18:55:1
175,18:55:17
175,18:55:32
175,18:55:47
175,18:56:3
175,18:56:18
175,18:56:34
175,18:56:50
175,18:57:5
175,18:57:21
175,18:57:37
175,18:57:53
175,18:58:9
175,18:58:25
175,18:58:41
175,18:58:56
175,18:59:12
175,18:59:28
175,18:59:43
175,18:59:59
175,19:0:14
175,19:0:30
175,19:0:45
175,19:1:0
175,19:1:16
175,19:1:31
175,19:1:46
175,19:2:1
175,19:2:16
175,19:2:32
175,19:2:47
175,19:3:2
175,19:3:17
175,19:3:33
175,19:3:48
175,19:4:3
175,19:4:18
175,19:4:34
175,19:4:49
175,19:5:4
175,19:5:20
175,19:5:35
175,19:5:51
175,19:6:6
175,19:6:22
175,19:6:37
175,19:6:52
175,19:7:8
175,19:7:23
175,19:7:38
175,19:7:54
175,19:8:9
175,19:8:24
175,19:8:40
175,19:8:55
175,19:9:11
175,19:9:26
175,19:9:41
175,19:9:57
175,19:10:12
175,19:10:27
175,19:10:43
175,19:10:58
175,19:11:14
175,19:11:29
175,19:11:45
175,19:12:0
175,19:12:16
175,19:12:31
175,19:12:47
175,19:13:2
175,19:13:18
175,19:13:33
175,19:13:49
175,19:14:4
175,19:14:20
175,19:14:35
175,19:14:51
175,19:15:6
175,19:15:22
175,19:15:37
175,19:15:53
175,19:16:8
175,19:16:24
175,19:16:39
175,19:16:54
175,19:17:10
175,19:17:25
175,19:17:41
175,19:17:56
175,19:18:11
175,19:18:27
175,19:18:42
175,19:18:58
175,19:19:13
175,19:19:29
175,19:19:44
175,19:20:0
175,19:20:16
175,19:20:31
175,19:20:47
175,19:21:2
175,19:21:18
175,19:21:34
175,19:21:50
175,19:22:5
175,19:22:21
175,19:22:37
175,19:22:52
175,19:23:8
175,19:23:23
175,19:23:39
175,19:23:55
175,19:24:10
175,19:24:26
175,19:24:41
175,19:24:57
175,19:25:12
175,19:25:28
175,19:25:44
175,19:25:59
175,19:26:15
175,19:26:30
175,19:26:45
175,19:27:1
175,19:27:16
175,19:27:32
175,19:27:47
175,19:28:3
175,19:28:18
175,19:28:34
175,19:28:49
175,19:29:5
175,19:29:20
175,19:29:36
175,19:29:51
175,19:30:7
175,19:30:22
175,19:30:38
175,19:30:54
175,19:31:9
175,19:31:25
175,19:31:40
175,19:31:56
175,19:32:12
175,19:32:27
175,19:32:43
175,19:32:59
175,19:33:14
175,19:33:30
175,19:33:45
175,19:34:1
175,19:34:17
175,19:34:32
175,19:34:48
175,19:35:4
175,19:35:19
175,19:35:35
175,19:35:50
175,19:36:6
175,19:36:22
175,19:36:37
175,19:36:53
175,19:37:9
175,19:37:24
175,19:37:40
175,19:37:56
175,19:38:12
175,19:38:28
175,19:38:44
175,19:39:0
175,19:39:16
175,19:39:31
175,19:39:47
175,19:40:3
175,19:40:19
175,19:40:35
175,19:40:51
175,19:41:7
175,19:41:23
175,19:41:39
175,19:41:55
175,19:42:11
175,19:42:27
175,19:42:42
175,19:42:58
175,19:43:14
175,19:43:30
175,19:43:46
175,19:44:2
175,19:44:19
175,19:44:35
175,19:44:51
175,19:45:7
175,19:45:23
175,19:45:40
175,19:45:56
175,19:46:12
175,19:46:29
175,19:46:45
175,19:47:1
175,19:47:17
175,19:47:34
175,19:47:50
175,19:48:6
175,19:48:23
175,19:48:39
175,19:48:56
175,19:49:12
175,19:49:28
175,19:49:45
175,19:50:1
175,19:50:17
175,19:50:33
175,19:50:49
175,19:51:5
175,19:51:21
175,19:51:37
175,19:51:54
175,19:52:10
175,19:52:26
175,19:52:42
175,19:52:59
175,19:53:15
175,19:53:32
175,19:53:48
175,19:54:4
175,19:54:21
175,19:54:37
175,19:54:54
175,19:55:11
175,19:55:27
175,19:55:44
175,19:56:1
175,19:56:18
175,19:56:34
175,19:56:51
175,19:57:8
175,19:57:24
175,19:57:41
175,19:57:58
175,19:58:15
175,19:58:31
175,19:58:48
175,19:59:4
175,19:59:21
175,19:59:37
175,19:59:54
175,20:0:10
175,20:0:27
175,20:0:43
175,20:0:59
175,20:1:15
175,20:1:31
175,20:1:48
175,20:2:4
175,20:2:20
175,20:2:36
175,20:2:53
175,20:3:9
175,20:3:25
175,20:3:41
175,20:3:58
175,20:4:14
175,20:4:31
175,20:4:48
175,20:5:4
175,20:5:21
175,20:5:38
175,20:5:55
175,20:6:13
175,20:6:30
175,20:6:47
175,20:7:4
175,20:7:21
175,20:7:37
175,20:7:54
175,20:8:11
175,20:8:27
175,20:8:44
175,20:9:0
175,20:9:17
175,20:9:33
175,20:9:49
175,20:10:5
175,20:10:22
175,20:10:38
175,20:10:54
175,20:11:10
175,20:11:27
175,20:11:43
175,20:11:59
175,20:12:16
175,20:12:32
175,20:12:48
175,20:13:5
175,20:13:21
175,20:13:38
175,20:13:54
175,20:14:11
175,20:14:27
175,20:14:44
175,20:15:1
175,20:15:17
175,20:15:34
175,20:15:51
175,20:16:8
175,20:16:24
175,20:16:41
175,20:16:58
175,20:17:14
175,20:17:31
175,20:17:47
175,20:18:4
175,20:18:20
175,20:18:36
175,20:18:53
175,20:19:9
175,20:19:26
175,20:19:42
175,20:19:59
175,20:20:15
175,20:20:32
175,20:20:48
175,20:21:5
175,20:21:21
175,20:21:37
175,20:21:54
175,20:22:10
175,20:22:26
175,20:22:42
175,20:22:58
175,20:23:15
175,20:23:31
175,20:23:47
175,20:24:3
175,20:24:19
175,20:24:36
175,20:24:52
175,20:25:8
175,20:25:24
175,20:25:40
175,20:25:56
175,20:26:13
175,20:26:29
175,20:26:45
175,20:27:2
175,20:27:18
175,20:27:35
175,20:27:52
175,20:28:8
175,20:28:25
175,20:28:42
175,20:28:58
175,20:29:15
175,20:29:31
175,20:29:48
175,20:30:4
175,20:30:21
175,20:30:37
175,20:30:53
175,20:31:10
175,20:31:26
175,20:31:42
175,20:31:58
175,20:32:15
175,20:32:31
175,20:32:47
175,20:33:3
175,20:33:20
175,20:33:36
175,20:33:52
175,20:34:8
175,20:34:24
175,20:34:41
175,20:34:57
175,20:35:13
175,20:35:29
175,20:35:45
175,20:36:2
175,20:36:18
175,20:36:34
175,20:36:50
175,20:37:7
175,20:37:23
175,20:37:39
175,20:37:56
175,20:38:12
175,20:38:29
175,20:38:45
175,20:39:2
175,20:39:18
175,20:39:34
175,20:39:51
175,20:40:7
175,20:40:24
175,20:40:40
175,20:40:57
175,20:41:13
175,20:41:30
175,20:41:46
175,20:42:3
175,20:42:19
175,20:42:35
175,20:42:51
175,20:43:7
175,20:43:24
175,20:43:40
175,20:43:56
175,20:44:12
175,20:44:28
175,20:44:44
175,20:45:0
175,20:45:16
175,20:45:32
175,20:45:48
175,20:46:4
175,20:46:20
175,20:46:36
175,20:46:52
175,20:47:8
175,20:47:24
175,20:47:40
175,20:47:57
175,20:48:13
175,20:48:29
175,20:48:45
175,20:49:2
175,20:49:18
175,20:49:35
175,20:49:51
175,20:50:8
175,20:50:24
175,20:50:41
175,20:50:57
175,20:51:13
175,20:51:30
175,20:51:46
175,20:52:2
175,20:52:18
175,20:52:34
175,20:52:50
175,20:53:6
175,20:53:22
175,20:53:38
175,20:53:54
175,20:54:10
175,20:54:26
175,20:54:41
175,20:54:57
175,20:55:13
175,20:55:29
175,20:55:45
175,20:56:1
175,20:56:17
175,20:56:33
175,20:56:49
175,20:57:5
175,20:57:21
175,20:57:37
175,20:57:53
175,20:58:9
175,20:58:26
175,20:58:42
175,20:58:58
175,20:59:14
175,20:59:30
175,20:59:47
175,21:0:3
175,21:0:19
175,21:0:36
175,21:0:52
175,21:1:8
175,21:1:24
175,21:1:40
175,21:1:56
175,21:2:12
175,21:2:27
175,21:2:43
175,21:2:59
175,21:3:15
175,21:3:31
175,21:3:47
175,21:4:2
175,21:4:18
175,21:4:34
175,21:4:50
175,21:5:5
175,21:5:21
175,21:5:37
175,21:5:52
175,21:6:8
175,21:6:24
175,21:6:39
175,21:6:55
175,21:7:11
175,21:7:26
175,21:7:42
175,21:7:58
175,21:8:14
175,21:8:30
175,21:8:45
175,21:9:1
175,21:9:17
175,21:9:33
175,21:9:49
175,21:10:5
175,21:10:21
175,21:10:37
175,21:10:53
175,21:11:9
175,21:11:25
175,21:11:41
175,21:11:56
175,21:12:12
175,21:12:28
175,21:12:44
175,21:13:0
175,21:13:16
175,21:13:32
175,21:13:47
175,21:14:3
175,21:14:19
175,21:14:35
175,21:14:50
175,21:15:6
175,21:15:22
175,21:15:37
175,21:15:53
175,21:16:8
175,21:16:24
175,21:16:39
175,21:16:54
175,21:17:10
175,21:17:25
175,21:17:41
175,21:17:56
175,21:18:12
175,21:18:27
175,21:18:42
175,21:18:58
175,21:19:13
175,21:19:29
175,21:19:44
175,21:20:0
175,21:20:16
175,21:20:31
175,21:20:47
175,21:21:3
175,21:21:18
175,21:21:34
175,21:21:49
175,21:22:5
175,21:22:21
175,21:22:36
175,21:22:52
175,21:23:8
175,21:23:23
175,21:23:39
175,21:23:55
175,21:24:10
175,21:24:26
175,21:24:41
175,21:24:57
175,21:25:12
175,21:25:28
175,21:25:44
175,21:25:59
175,21:26:15
175,21:26:30
175,21:26:45
175,21:27:1
175,21:27:16
175,21:27:32
175,21:27:47
175,21:28:2
175,21:28:18
175,21:28:33
175,21:28:48
175,21:29:4
175,21:29:19
175,21:29:35
175,21:29:50
175,21:30:5
175,21:30:21
175,21:30:36
175,21:30:51
175,21:31:6
175,21:31:22
175,21:31:37
175,21:31:52
175,21:32:7
175,21:32:22
175,21:32:38
175,21:32:53
175,21:33:8
175,21:33:23
175,21:33:38
175,21:33:53
175,21:34:8
175,21:34:24
175,21:34:39
175,21:34:54
175,21:35:10
175,21:35:25
175,21:35:40
175,21:35:56
175,21:36:11
175,21:36:26
175,21:36:41
175,21:36:57
175,21:37:12
175,21:37:27
175,21:37:42
175,21:37:58
175,21:38:13
175,21:38:28
175,21:38:43
175,21:38:59
175,21:39:14
175,21:39:29
175,21:39:44
175,21:40:0
175,21:40:15
175,21:40:31
175,21:40:46
175,21:41:1
175,21:41:17
175,21:41:32
175,21:41:48
175,21:42:3
175,21:42:19
175,21:42:34
175,21:42:50
175,21:43:5
175,21:43:20
175,21:43:36
175,21:43:51
175,21:44:6
175,21:44:22
175,21:44:37
175,21:44:52
175,21:45:7
175,21:45:22
175,21:45:37
175,21:45:52
175,21:46:8
175,21:46:23
175,21:46:38
175,21:46:53
175,21:47:8
175,21:47:23
175,21:47:38
175,21:47:53
175,21:48:8
175,21:48:23
175,21:48:38
175,21:48:53
175,21:49:9
175,21:49:24
175,21:49:39
175,21:49:55
175,21:50:10
175,21:50:25
175,21:50:41
175,21:50:56
175,21:51:11
175,21:51:27
175,21:51:42
175,21:51:57
175,21:52:13
175,21:52:28
175,21:52:44
175,21:52:59
175,21:53:14
175,21:53:30
175,21:53:45
175,21:54:0
175,21:54:16
175,21:54:31
175,21:54:46
175,21:55:2
175,21:55:17
175,21:55:33
175,21:55:48
175,21:56:3
175,21:56:19
175,21:56:34
175,21:56:50
175,21:57:5
175,21:57:21
175,21:57:36
175,21:57:52
175,21:58:7
175,21:58:23
175,21:58:39
175,21:58:54
175,21:59:10
175,21:59:25
175,21:59:40
175,21:59:56
175,22:0:11
175,22:0:27
175,22:0:42
175,22:0:58
175,22:1:13
175,22:1:28
175,22:1:44
175,22:1:59
175,22:2:15
175,22:2:30
175,22:2:45
175,22:3:1
175,22:3:16
175,22:3:31
175,22:3:47
175,22:4:2
175,22:4:17
175,22:4:32
175,22:4:48
175,22:5:3
175,22:5:18
175,22:5:34
175,22:5:49
175,22:6:4
175,22:6:20
175,22:6:35
175,22:6:50
175,22:7:6
175,22:7:21
175,22:7:37
175,22:7:52
175,22:8:8
175,22:8:23
175,22:8:38
175,22:8:54
175,22:9:9
175,22:9:24
175,22:9:40
175,22:9:55
175,22:10:10
175,22:10:26
175,22:10:41
175,22:10:56
175,22:11:12
175,22:11:27
175,22:11:42
175,22:11:58
175,22:12:13
175,22:12:28
175,22:12:44
175,22:12:59
175,22:13:15
175,22:13:30
175,22:13:46
175,22:14:1
175,22:14:16
175,22:14:32
175,22:14:47
175,22:15:3
175,22:15:18
175,22:15:34
175,22:15:49
175,22:16:5
175,22:16:20
175,22:16:36
175,22:16:52
175,22:17:7
175,22:17:23
175,22:17:39
175,22:17:55
175,22:18:11
175,22:18:27
175,22:18:43
175,22:18:59
175,22:19:15
175,22:19:31
175,22:19:47
175,22:20:4
175,22:20:20
175,22:20:36
175,22:20:53
175,22:21:9
175,22:21:25
175,22:21:41
175,22:21:58
175,22:22:14
175,22:22:30
175,22:22:46
175,22:23:3
175,22:23:19
175,22:23:35
175,22:23:51
175,22:24:7
175,22:24:23
175,22:24:39
175,22:24:55
175,22:25:11
175,22:25:27
175,22:25:43
175,22:25:58
175,22:26:14
175,22:26:30
175,22:26:45
175,22:27:1
175,22:27:17
175,22:27:32
175,22:27:48
175,22:28:4
175,22:28:20
175,22:28:36
175,22:28:51
175,22:29:7
175,22:29:23
175,22:29:39
175,22:29:55
175,22:30:11
175,22:30:27
175,22:30:44
175,22:31:0
175,22:31:16
175,22:31:32
175,22:31:49
175,22:32:5
175,22:32:21
175,22:32:37
175,22:32:53
175,22:33:10
175,22:33:26
175,22:33:42
175,22:33:58
175,22:34:14
175,22:34:30
175,22:34:46
175,22:35:2
175,22:35:18
175,22:35:34
175,22:35:50
175,22:36:6
175,22:36:22
175,22:36:38
175,22:36:54
175,22:37:10
175,22:37:26
175,22:37:42
175,22:37:58
175,22:38:14
175,22:38:29
175,22:38:45
175,22:39:1
175,22:39:16
175,22:39:32
175,22:39:48
175,22:40:4
175,22:40:20
175,22:40:36
175,22:40:52
175,22:41:8
175,22:41:24
175,22:41:39
175,22:41:55
175,22:42:11
175,22:42:27
175,22:42:43
175,22:42:59
175,22:43:15
175,22:43:31
175,22:43:47
175,22:44:3
175,22:44:19
175,22:44:35
175,22:44:51
175,22:45:7
175,22:45:23
175,22:45:39
175,22:45:55
175,22:46:10
175,22:46:26
175,22:46:42
175,22:46:58
175,22:47:14
175,22:47:30
175,22:47:45
175,22:48:1
175,22:48:17
175,22:48:33
175,22:48:48
175,22:49:4
175,22:49:20
175,22:49:36
175,22:49:52
175,22:50:8
175,22:50:23
175,22:50:39
175,22:50:55
175,22:51:11
175,22:51:27
175,22:51:43
175,22:51:59
175,22:52:15
175,22:52:32
175,22:52:48
175,22:53:4
175,22:53:20
175,22:53:37
175,22:53:53
175,22:54:9
175,22:54:25
175,22:54:41
175,22:54:57
175,22:55:14
175,22:55:30
175,22:55:46
175,22:56:2
175,22:56:18
175,22:56:35
175,22:56:51
175,22:57:7
175,22:57:23
175,22:57:39
175,22:57:55
175,22:58:11
175,22:58:27
175,22:58:42
175,22:58:58
175,22:59:14
175,22:59:30
175,22:59:46
175,23:0:2
175,23:0:18
175,23:0:34
175,23:0:50
175,23:1:6
175,23:1:22
175,23:1:38
175,23:1:54
175,23:2:9
175,23:2:25
175,23:2:41
175,23:2:57
175,23:3:13
175,23:3:29
175,23:3:45
175,23:4:1
175,23:4:17
175,23:4:32
175,23:4:48
175,23:5:4
175,23:5:20
175,23:5:36
175,23:5:52
175,23:6:8
175,23:6:24
175,23:6:40
175,23:6:56
175,23:7:12
175,23:7:28
175,23:7:44
175,23:8:0
175,23:8:16
175,23:8:32
175,23:8:48
175,23:9:4
175,23:9:20
175,23:9:36
175,23:9:52
175,23:10:8
175,23:10:24
175,23:10:40
175,23:10:56
175,23:11:12
175,23:11:29
175,23:11:45
175,23:12:1
175,23:12:17
175,23:12:33
175,23:12:49
175,23:13:5
175,23:13:21
175,23:13:37
175,23:13:52
175,23:14:8
175,23:14:24
175,23:14:40
175,23:14:56
175,23:15:12
175,23:15:28
175,23:15:44
175,23:16:0
175,23:16:16
175,23:16:32
175,23:16:47
175,23:17:3
175,23:17:19
175,23:17:35
175,23:17:51
175,23:18:6
175,23:18:22
175,23:18:38
175,23:18:54
175,23:19:9
175,23:19:25
175,23:19:41
175,23:19:57
175,23:20:12
175,23:20:28
175,23:20:44
175,23:20:59
175,23:21:15
175,23:21:31
175,23:21:47
175,23:22:3
175,23:22:18
175,23:22:34
175,23:22:50
175,23:23:5
175,23:23:21
175,23:23:37
175,23:23:53
175,23:24:9
175,23:24:25
175,23:24:40
175,23:24:56
175,23:25:12
175,23:25:28
175,23:25:44
175,23:25:59
175,23:26:15
175,23:26:31
175,23:26:47
175,23:27:3
175,23:27:19
175,23:27:35
175,23:27:51
175,23:28:7
175,23:28:23
175,23:28:39
175,23:28:55
175,23:29:11
175,23:29:27
175,23:29:43
175,23:29:58
175,23:30:14
175,23:30:30
175,23:30:45
175,23:31:1
175,23:31:17
175,23:31:33
175,23:31:48
175,23:32:4
175,23:32:20
175,23:32:35
175,23:32:51
175,23:33:7
175,23:33:22
175,23:33:38
175,23:33:54
175,23:34:10
175,23:34:25
175,23:34:41
175,23:34:57
175,23:35:13
175,23:35:28
175,23:35:44
175,23:36:0
175,23:36:15
175,23:36:31
175,23:36:47
175,23:37:2
175,23:37:18
175,23:37:34
175,23:37:49
175,23:38:5
175,23:38:21
175,23:38:36
175,23:38:52
175,23:39:7
175,23:39:23
175,23:39:39
175,23:39:54
175,23:40:10
175,23:40:26
175,23:40:41
175,23:40:57
175,23:41:12
175,23:41:28
175,23:41:44
175,23:41:59
175,23:42:15
175,23:42:30
175,23:42:46
175,23:43:2
175,23:43:17
175,23:43:33
175,23:43:48
175,23:44:4
175,23:44:19
175,23:44:35
175,23:44:50
175,23:45:6
175,23:45:21
175,23:45:37
175,23:45:52
175,23:46:7
175,23:46:23
175,23:46:38
175,23:46:54
175,23:47:9
175,23:47:25
175,23:47:40
175,23:47:56
175,23:48:11
175,23:48:27
175,23:48:42
175,23:48:58
175,23:49:13
175,23:49:29
175,23:49:44
175,23:49:59
175,23:50:15
175,23:50:30
175,23:50:46
175,23:51:1
175,23:51:17
175,23:51:32
175,23:51:48
175,23:52:3
175,23:52:19
175,23:52:34
175,23:52:50
175,23:53:5
175,23:53:21
175,23:53:37
175,23:53:52
175,23:54:8
175,23:54:24
175,23:54:39
175,23:54:55
175,23:55:11
175,23:55:26
175,23:55:42
175,23:55:58
175,23:56:14
175,23:56:30
175,23:56:45
175,23:57:1
175,23:57:17
175,23:57:33
175,23:57:49
175,23:58:4
175,23:58:20
175,23:58:36
175,23:58:51
0,23:59:7
